Name,Count,Channel,gender,occupation,ethnic_group
Kim,1003,Khan Academy,female,musician,None
Mark L Graber,12,Khan Academy,male,researcher,None
Michael Rappaport,10,Khan Academy,male,badminton player,None
Articles,7,Khan Academy,None,None,None
George Washington,143,Khan Academy,male,writer|engineer|politician|farmer|statesperson|cartographer|revolutionary|geometer|army officer,None
Alexander Hamilton,126,Khan Academy,male,Christian minister,None
James Madison,260,Khan Academy,male,writer|lawyer|politician|diplomat|statesperson|philosopher,None
Patrick Henry,6,Khan Academy,male,writer|politician|lawyer,None
Samuel Adams,6,Khan Academy,male,politician|philosopher,None
Dred Scott v. Dred Scott v. Sanford,10,Khan Academy,None,None,None
Dred Scott,154,Khan Academy,male,activist,None
Christopher Bracey,11,Khan Academy,male,lawyer,None
Peter,8,Khan Academy,male,monk|hermit,None
Elizabeth Taylor Peter Blow,8,Khan Academy,None,None,None
Peter Blow,14,Khan Academy,None,None,None
Emerson,38,Khan Academy,male,association football player,None
Irene Sanford,6,Khan Academy,None,None,None
John Sanford,6,Khan Academy,male,actor|comedian|television actor,multiracial American|African Americans
Roger B. Roger B. Taney,8,Khan Academy,None,None,None
Roger B. Taney,50,Khan Academy,male,lawyer|judge|politician,None
Roger B. Taney's,8,Khan Academy,None,None,None
Benjamin Curtis,12,Khan Academy,male,judge|lawyer|politician,None
John C. John C. Calhoun,4,Khan Academy,None,None,None
Abraham Lincoln,421,Khan Academy,male,writer|lawyer|politician|military officer|farmer|statesperson|postmaster,None
Harriet,10,Khan Academy,female,singer|songwriter,None
Kermit Roosevelt,31,Khan Academy,male,writer|military personnel,None
Michael Ramsey,6,Khan Academy,male,politician|priest|theologian,None
Lincoln,18,Khan Academy,female,badminton player,None
William Marbury,92,Khan Academy,male,lawyer|judge,None
Michael Claremont,5,Khan Academy,None,None,None
Law,18,Khan Academy,male,photographer,None
Kevin Walsh,13,Khan Academy,male,association football player,None
John Adams,74,Khan Academy,male,politician,None
Thomas Jefferson,231,Khan Academy,male,writer|teacher|diplomat|lawyer|paleontologist|inventor|archaeologist|architect|philosopher|statesperson|politician|cryptographer|farmer|jurist,None
John Marshall,188,Khan Academy,male,jazz musician|percussionist,None
John Adams',5,Khan Academy,None,None,None
Hamilton,10,Khan Academy,male,painter,None
William Marbury's,6,Khan Academy,None,None,None
Trump,10,Khan Academy,male,merchant|film producer|actor|businessperson|chief executive officer|real estate entrepreneur|restaurateur|writer|conspiracy theorist|investor|politician|game show host|television producer|entrepreneur|business magnate,White Americans
Truman,22,Khan Academy,male,businessperson|politician|judge|military officer|diarist,None
Jeff Rosen,31,Khan Academy,male,composer|record producer,None
Richard Garnett,10,Khan Academy,male,poet|writer|librarian|translator|editor,None
Madison,12,Khan Academy,male,radio personality,None
Andrew Jackson,142,Khan Academy,male,lawyer|judge|politician|military officer|statesperson,None
trumps,4,Khan Academy,None,None,None
Alan Gura,37,Khan Academy,male,lawyer|gun rights advocate,None
Adam Winkler,18,Khan Academy,male,lawyer|jurist|university teacher,None
The Battle of Lexington,6,Khan Academy,None,None,None
Miller,32,Khan Academy,male,curator|botanist|zoologist,None
Heller,39,Khan Academy,male,university teacher|zoologist|anatomist|carcinologist,None
Sal,40,Khan Academy,male,military personnel,None
Jeffrey Rosen,57,Khan Academy,male,university teacher,None
James Wilson,26,Khan Academy,male,businessperson|politician|entrepreneur|economist|banker|editor|journalist,None
King George,10,Khan Academy,male,actor|influencer,None
Brexit,5,Khan Academy,None,None,None
Jacobson,10,Khan Academy,male,painter,None
Harlan,10,Khan Academy,male,physician|naturalist|zoologist|paleontologist|physicist|botanist|herpetologist,None
Ernesto Miranda,222,Khan Academy,male,criminal,None
Paul Cassell,16,Khan Academy,male,actor,None
Patricia,16,Khan Academy,female,film director|actor|pornographic actor|film producer|film actor,None
Hugo Black,5,Khan Academy,male,lawyer|judge|military personnel|politician,None
John Flynn,17,Khan Academy,male,priest|aircraft pilot,None
Telford Taylor,5,Khan Academy,male,scientist|writer|lawyer|historian|jurist|political scientist|university teacher|magistrate|army officer,None
Tracy Mears,42,Khan Academy,None,None,None
Oren Kerr,31,Khan Academy,None,None,None
Assistance,5,Khan Academy,None,None,None
Rosa Parks,4,Khan Academy,female,civil rights advocate|public figure|autobiographer|political activist|human rights activist,African Americans
Jim Crow,107,Khan Academy,male,classical scholar|university teacher|archaeologist|classical archaeologist,None
Plessy,129,Khan Academy,None,None,None
Ferguson,122,Khan Academy,male,painter,None
Jamal Green,9,Khan Academy,male,composer|musician,None
Homer Plessy,10,Khan Academy,male,cobbler,African Americans
Brown,5,Khan Academy,male,paleontologist,None
Rick Hasson,14,Khan Academy,None,None,None
Bradley Smith,27,Khan Academy,male,motorcycle racer|motorcycle development rider,None
Jones,12,Khan Academy,male,record producer|composer|bassist|songwriter|guitarist|banjoist,None
George W. Bush,4,Khan Academy,male,politician|businessperson|rugby union player|military officer|motivational speaker|statesperson|autobiographer|painter|financier,None
George W. George W. Bush,34,Khan Academy,None,None,None
McConnell,6,Khan Academy,male,pathologist,None
Citizens United,36,Khan Academy,None,None,None
Hillary the Movie,8,Khan Academy,None,None,None
Hillary Clinton,54,Khan Academy,female,politician|jurist|lawyer|diplomat|university teacher|film producer|podcaster|autobiographer,None
Barack Obama,32,Khan Academy,male,lawyer|podcaster|community organizer|politician|political writer|jurist|statesperson|academic|memoirist,African Americans
Benjamin Blumen,8,Khan Academy,None,None,None
Sonia West,5,Khan Academy,None,None,None
Donald Trump,40,Khan Academy,male,merchant|film producer|actor|businessperson|chief executive officer|real estate entrepreneur|restaurateur|writer|conspiracy theorist|investor|politician|game show host|television producer|entrepreneur|business magnate,White Americans
Irwin Chemerinsky,34,Khan Academy,None,None,None
Dean,8,Khan Academy,male,cricketer,None
Michael McConnell,18,Khan Academy,male,LGBTQ rights activist|librarian,None
Gutenberg,6,Khan Academy,None,None,None
Potter Stewart,6,Khan Academy,male,judge|politician,None
Ilya Somen,11,Khan Academy,None,None,None
Heather Gerkin,6,Khan Academy,None,None,None
Neil Gorsuch,5,Khan Academy,male,lawyer,None
Richard Nixon,24,Khan Academy,male,lawyer|politician|military officer|statesperson|autobiographer,None
Andrew Johnson,43,Khan Academy,male,politician|military officer|tailor|statesperson,None
Bill Clinton,25,Khan Academy,male,writer|lawyer|politician|teacher|statesperson|governor|saxophonist|autobiographer|jurist|diplomat,None
marijuana,16,Khan Academy,None,None,None
Charles Baker,86,Khan Academy,male,painter,None
Carr,85,Khan Academy,male,painter,None
Theodore Olson,11,Khan Academy,male,lawyer,None
Gibson Dunn,5,Khan Academy,None,None,None
Guy Charles,5,Khan Academy,male,basketball player,None
Edward,5,Khan Academy,male,opera singer,None
Ellen Schwartzman,5,Khan Academy,None,None,None
Earl Warren,7,Khan Academy,male,judge|lawyer|politician,None
Guy Charles Charles Baker,25,Khan Academy,None,None,None
James McCulloch,98,Khan Academy,male,guitarist|songwriter|musician,None
Randy Barnett,37,Khan Academy,male,lawyer|writer,None
Neil Siegel,6,Khan Academy,male,systems engineer|computer scientist,None
Edmund Randolph,10,Khan Academy,male,lawyer|politician|diplomat,None
James Madison's,6,Khan Academy,None,None,None
Alexander Hamilton's,12,Khan Academy,None,None,None
Marbury,10,Khan Academy,None,None,None
John Marshall's,8,Khan Academy,None,None,None
Robert Shapiro,5,Khan Academy,male,chemist|university teacher|biochemist,None
George George Washington,5,Khan Academy,None,None,None
David Strauss,44,Khan Academy,male,writer|biographer|philosopher|Christian theologian,None
Otis McDonald,54,Khan Academy,None,None,None
Elizabeth Wydra,23,Khan Academy,female,lawyer,None
Alito,14,Khan Academy,male,politician,None
Thomas,15,Khan Academy,male,Catholic priest|Catholic bishop,None
Scalia,12,Khan Academy,male,judge|lawyer|professor|jurist,None
Erin Holly,17,Khan Academy,None,None,None
Erin Holly's,6,Khan Academy,None,None,None
Gabriel Chin,12,Khan Academy,None,None,None
Clinton,19,Khan Academy,male,writer|lawyer|politician|teacher|statesperson|governor|saxophonist|autobiographer|jurist|diplomat,None
Benjamin Franklin,8,Khan Academy,male,politician,None
Richard Epstein,13,Khan Academy,male,music educator|pianist,None
colonists,4,Khan Academy,None,None,None
Griswold,20,Khan Academy,male,arachnologist,None
Douglas,14,Khan Academy,male,None,None
Jeffrey Fisher,18,Khan Academy,male,composer|musician,None
Walter Raleigh,29,Khan Academy,male,writer|politician|knight|spy|explorer|poet,None
Kurt Lash,6,Khan Academy,None,None,None
George Mason,10,Khan Academy,male,lawyer|politician|planter class,None
Gerry,5,Khan Academy,male,physicist,None
John Bingham,16,Khan Academy,male,lawyer|judge|politician|diplomat,None
Roger Sherman,2,Khan Academy,male,lawyer|politician|judge|diplomat|statesperson,None
Henry Wade,58,Khan Academy,male,writer|cricketer,None
Clark Forsythe,15,Khan Academy,None,None,None
Jane Roe,99,Khan Academy,female,activist|autobiographer,None
Melissa Murray,12,Khan Academy,female,researcher,None
Alexander F.,6,Khan Academy,None,None,None
May Treat Morrison,6,Khan Academy,female,suffragist|philanthropist,None
Norma McCorvey,48,Khan Academy,female,activist|autobiographer,None
Sarah Weddington,12,Khan Academy,female,lawyer|politician,None
Linda Coffey,7,Khan Academy,None,None,None
William O. William O. Douglas,5,Khan Academy,None,None,None
Rehnquist,10,Khan Academy,None,None,None
White,5,Khan Academy,male,entomologist,None
Frank Church,5,Khan Academy,male,politician,None
Harris,5,Khan Academy,male,entomologist|printmaker,None
Casey,5,Khan Academy,female,singer-songwriter|slam poet|rapper,None
Hellerstedt,9,Khan Academy,None,None,None
Stephen Breyer,11,Khan Academy,male,lawyer|judge|politician|jurist|university teacher,None
Oliver Brown v. Board of Education,50,Khan Academy,None,None,None
Oliver Brown v. Board,28,Khan Academy,None,None,None
Oliver Brown,26,Khan Academy,male,baseball player,None
Linda Brown,6,Khan Academy,female,human rights activist|teacher|activist,African Americans
Theodore Shaw,14,Khan Academy,None,None,None
Richard,6,Khan Academy,male,Catholic bishop|Catholic priest,None
Kenneth Clark,6,Khan Academy,male,writer|politician|television presenter|university teacher|historian|curator|art historian,None
Leon Higginbotham,6,Khan Academy,None,None,None
Martin Luther King Jr.,38,Khan Academy,male,writer|peace activist|politician|opinion journalist|pastor|pacifist|preacher|civil rights advocate|human rights activist,African Americans
Thurgood Marshall,11,Khan Academy,male,judge|lawyer|politician|jurist,African Americans
Sai Prakash,15,Khan Academy,male,film producer|film director|screenwriter,None
Michael Gerhart,16,Khan Academy,None,None,None
Obama,56,Khan Academy,male,lawyer|podcaster|community organizer|politician|political writer|jurist|statesperson|academic|memoirist,African Americans
Nixon,14,Khan Academy,male,lawyer|politician|military officer|statesperson|autobiographer,None
Franklin Delano Roosevelt,198,Khan Academy,male,statesperson,None
George Washington's,14,Khan Academy,None,None,None
John Stineford,6,Khan Academy,None,None,None
Jeffries,6,Khan Academy,male,painter|drawer,None
Aldgate,6,Khan Academy,None,None,None
Livermore,9,Khan Academy,male,microbiologist,None
Anthony Kennedy,6,Khan Academy,male,judge|lawyer|politician|university teacher|jurist,None
Breyer,5,Khan Academy,None,None,None
Jekyll,5,Khan Academy,female,architect|photographer|horticulturist|gardener|non-fiction writer|garden designer|painter|editor|botanist|landscape architect,None
Hyde,6,Khan Academy,male,actor|composer|singer|singer-songwriter|record producer|film actor|guitarist,None
FDR,19,Khan Academy,male,statesperson,None
Ronald Reagan,28,Khan Academy,male,screenwriter|politician|game show host|actor|announcer|anti-communist|military officer|lifeguard|voice actor|statesperson|diarist|television actor|character actor|art collector|film actor|trade unionist|autobiographer,None
Milton Friedman,8,Khan Academy,male,economist|university teacher|statistician|essayist,None
Fidel Castro,22,Khan Academy,male,politician|journalist|statesperson|lawyer|revolutionary|partisan,Galicians
John F. John F. Kennedy,11,Khan Academy,None,None,None
John F. Kennedy,23,Khan Academy,male,writer|politician|statesperson|journalist|naval officer|anti-communist,Irish Americans
Fulgencio Batista,11,Khan Academy,male,military personnel|politician,None
Kim Il-sung,8,Khan Academy,male,politician,Koreans
Syngman Rhee,8,Khan Academy,male,writer|politician|journalist,None
Mao Zedong,7,Khan Academy,male,writer|teacher|calligrapher|poet|philosopher|strategist|politician|political theorist|librarian|revolutionary,Han Chinese people
Douglas MacArthur,16,Khan Academy,male,military officer|army officer,None
David,111,Khan Academy,male,drawer|architect,None
Marshall,6,Khan Academy,male,botanist,None
Harry Truman,6,Khan Academy,male,businessperson|politician|judge|military officer|diarist,None
Joseph Stalin,20,Khan Academy,male,statesperson|politician|revolutionary|opinion journalist|linguist,None
Hitler,38,Khan Academy,male,politician,None
Johnson,3,Khan Academy,male,painter|visual artist,None
Kennedy,4,Khan Academy,male,writer|politician|statesperson|journalist|naval officer|anti-communist,Irish Americans
Lyndon B. Lyndon B. Johnson,6,Khan Academy,None,None,None
Lyndon B. Johnson,1,Khan Academy,male,statesperson|politician|teacher|rancher,None
Karl Marx,21,Khan Academy,male,poet|writer|social scientist|journalist|television writer|film screenwriter|sociologist|revolutionary|politician|philosopher|economist|historian|author,Ashkenazi Jews
Vladimir Lenin,8,Khan Academy,male,politician|revolutionary,None
Mark Twain,9,Khan Academy,male,writer|teacher|journalist|travel writer|aphorist|children's writer|opinion journalist|novelist|prose writer|humorist|autobiographer|science fiction writer,None
Jamestown,20,Khan Academy,None,None,None
John Winthrop,2,Khan Academy,male,writer|lawyer|politician|jurist|theologian,None
Roger Williams,2,Khan Academy,male,politician,None
William Penn,12,Khan Academy,male,politician|entrepreneur|writer|theologian|philosopher|Colonial proprietor,None
John White,23,Khan Academy,male,politician,None
John Smith,9,Khan Academy,male,politician,None
Christopher Columbus,145,Khan Academy,male,sailor|inventor|explorer|traveler|seafarer,None
Elizabeth,25,Khan Academy,female,None,None
Mary,8,Khan Academy,female,None,None
James,2,Khan Academy,male,Catholic bishop|Catholic priest,None
Ben Franklin,7,Khan Academy,male,diplomat|writer|politician,None
Humphrey Gilbert,8,Khan Academy,male,explorer|politician,None
Nathaniel Bacon,4,Khan Academy,male,settler|politician,None
William Berkeley,4,Khan Academy,male,governor|civil servant,None
Robert E. Robert E. Lee,55,Khan Academy,None,None,None
George Meade,11,Khan Academy,male,military personnel|engineer,None
Robert E. Lee,39,Khan Academy,male,military personnel|military officer|army officer,None
Ulysses S. Ulysses S. Grant,32,Khan Academy,None,None,None
George McClellan,30,Khan Academy,male,writer|military officer|designer|army officer,None
Ulysses S. Grant,14,Khan Academy,male,explorer|statesperson|writer|army officer,None
Appomattox,6,Khan Academy,None,None,None
Harriet Beecher Stowe,40,Khan Academy,female,poet|writer|abolitionist|children's writer|novelist|essayist|short story writer,None
Tom,18,Khan Academy,male,actor|teacher|poet|singer|street artist|songwriter|singer-songwriter|television actor,Jewish people|Romanian Americans
Uncle Tom,8,Khan Academy,None,None,None
Eva,2,Khan Academy,female,trade unionist|stage actor|film actor|politician|suffragist|women's rights activist,None
Jesus,5,Khan Academy,male,teacher|prophet|rabbi|Messiah|pastor|carpenter|preacher|father of faith|tektōn|religious leader|thaumaturge|healer,Jewish people
John Patric,6,Khan Academy,male,magazine writer|photographer,None
Uncle Tom's,3,Khan Academy,None,None,None
Cotton,3,Khan Academy,male,baseball player|athletics competitor,None
Frederick Douglass,27,Khan Academy,male,writer|businessperson|abolitionist|film editor|orator|autobiographer|politician|suffragist|diplomat|caulker|editor|journalist,African Americans
John Brown,4,Khan Academy,male,None,None
Walter Isaacson,11,Khan Academy,male,biographer|writer|journalist,None
Jeffrey,26,Khan Academy,male,novelist,None
Abraham Lincoln's,32,Khan Academy,None,None,None
Oprah,2,Khan Academy,female,actor|writer|businessperson|reporter|journalist|television producer|podcaster|television presenter|patron of the arts|voice actor|motivational speaker|film producer|talk show host|autobiographer,African Americans
Harry Potter,4,Khan Academy,male,golfer,None
William Tecumseh Sherman,38,Khan Academy,male,military officer|lawyer|writer|banker,None
James Buchanan,6,Khan Academy,male,lawyer|politician|diplomat|statesperson,None
Jefferson Davis,6,Khan Academy,male,writer|politician|businessperson|military officer|political writer,None
Antietam,13,Khan Academy,None,None,None
The Battle of Gettysburg,7,Khan Academy,None,None,None
Edward Everett,32,Khan Academy,male,writer|politician|diplomat|university teacher,None
William Seward,6,Khan Academy,male,lawyer|writer|politician|diplomat,None
William Lloyd Garrison,2,Khan Academy,male,writer|editor|journalist|social reformer|abolitionist,None
John Wilkes Booth,16,Khan Academy,male,actor|stage actor|writer,None
George Brinton McClellan,33,Khan Academy,male,writer|military officer|designer|army officer,None
Bull Run,14,Khan Academy,None,None,None
Robert E. Lee's,8,Khan Academy,None,None,None
Rutherford B. Rutherford B. Hayes,8,Khan Academy,None,None,None
Rutherford B. Hayes,4,Khan Academy,male,lawyer|military officer|statesperson,None
Oliver Wendell Holmes,4,Khan Academy,male,writer|physician|poet|physician writer|university teacher|novelist|medical writer,None
Matthew Brady,2,Khan Academy,male,None,None
Winfield Scott,5,Khan Academy,male,politician|military officer,None
Zachary Taylor,4,Khan Academy,male,statesperson,None
James K. James K. Polk,13,Khan Academy,None,None,None
Henry Clay,13,Khan Academy,male,writer|lawyer|politician|diplomat,None
Ernesto Miranda's,10,Khan Academy,None,None,None
Miranda,6,Khan Academy,female,singer,None
Michael Rapaport,8,Khan Academy,male,comedian|television actor|film director|podcaster|film actor,None
Sal Khan,19,Khan Academy,male,writer|teacher|entrepreneur|mathematician|television producer|YouTuber,None
Bibas,14,Khan Academy,None,None,None
John Bestler,22,Khan Academy,None,None,None
William Rehnquist,8,Khan Academy,male,lawyer|judge|politician|historian,None
Donald Dripps,5,Khan Academy,None,None,None
Stephen Salzburg,15,Khan Academy,None,None,None
Wallace,5,Khan Academy,male,naturalist|writer|zoologist|mathematician|beekeeper|biologist|geographer|ornithologist|world traveler|botanical collector|botanist|entomologist|anthropologist|explorer|anti-vaccine activist|zoological collector,None
John,15,Khan Academy,male,Catholic bishop|Catholic priest,None
Magna Carta,5,Khan Academy,None,None,None
John Lilburne,5,Khan Academy,male,philosopher|politician,None
Northerners,2,Khan Academy,None,None,None
George Mead,7,Khan Academy,male,psychologist|university teacher|philosopher|sociologist,None
Congressperson,6,Khan Academy,None,None,None
Amy Green,19,Khan Academy,female,ship-owner,None
Ken Rose,16,Khan Academy,male,American football player,None
Walter Cronkite,6,Khan Academy,male,journalist|news presenter,None
Bush,16,Khan Academy,male,politician|businessperson|rugby union player|military officer|motivational speaker|statesperson|autobiographer|painter|financier,None
Mitt Romney,9,Khan Academy,male,Mormon missionary|politician|non-fiction writer|consultant|business executive,None
John McCain,5,Khan Academy,male,naval officer|writer|screenwriter|politician|autobiographer|fighter pilot|television presenter|aircraft pilot|author,None
John Kerry,4,Khan Academy,male,politician|lawyer|diplomat|aircraft pilot|naval officer|peace activist|climate activist,None
George H. W. George W. Bush,2,Khan Academy,None,None,None
Jimmy Carter,3,Khan Academy,male,writer|businessperson|engineer|politician|farmer|environmentalist|novelist|peace activist|diplomat|autobiographer|naval officer|statesperson|humanitarian|human rights activist|submariner,None
Theodore Roosevelt,25,Khan Academy,male,naturalist|writer|politician|historian|statesperson|ornithologist|rancher|essayist|explorer|conservationist|autobiographer|diarist,None
Ross Perot,10,Khan Academy,male,entrepreneur|politician|naval officer,None
Reagan,7,Khan Academy,None,None,None
Martin Luther King Jr.'s,18,Khan Academy,None,None,None
Otis McDonald's,5,Khan Academy,None,None,None
Ernesto,27,Khan Academy,male,cabaret performer,None
Shaw,4,Khan Academy,female,basketball player,None
Bill,1,Khan Academy,male,diplomat|politician|ambassador,None
Powell,6,Khan Academy,male,missionary|writer|botanist,None
Grutter,4,Khan Academy,None,None,None
Sandra Day O'Connor,6,Khan Academy,female,judge|lawyer|jurist|politician,None
Clarence Thomas,8,Khan Academy,male,judge|lawyer|politician,African Americans
Clark,1,Khan Academy,female,athletics competitor,None
George H. W. George H. W. Bush,3,Khan Academy,None,None,None
Jane Addams,2,Khan Academy,female,writer|suffragette|human rights activist|journalist|sociologist|philosopher|social critic|political theorist|peace activist|autobiographer|social reformer|women's rights activist,None
Jacob Riis,21,Khan Academy,male,photographer|writer|biographer|photojournalist|journalist|sociologist,None
Samuel J. Samuel J. Tilden,4,Khan Academy,None,None,None
Hooray,2,Khan Academy,female,snooker player,None
Andrew Carnegie,10,Khan Academy,male,writer|entrepreneur|philanthropist|fabricator|economist|merchant|business magnate|industrialist,None
J. P. J. P. Morgan,16,Khan Academy,None,None,None
John D. John D. Rockefeller,8,Khan Academy,None,None,None
Darwin,8,Khan Academy,male,naturalist|writer|geologist|botanist|travel writer|philosopher|explorer|ethologist,None
Herbert Spencer,12,Khan Academy,male,economist|writer|psychologist|philosopher|biologist|journalist|sociologist|botanist|anthropologist,None
Herbert Spencer's,6,Khan Academy,None,None,None
Thomas Edison,1,Khan Academy,male,screenwriter|businessperson|entrepreneur|mathematician|physicist|engineer|film director|inventor,Americans
North,4,Khan Academy,male,musician,None
Lee Chu,19,Khan Academy,None,None,None
Mary Anton,7,Khan Academy,None,None,None
Isabella,16,Khan Academy,female,None,None
Christopher Columbus's,2,Khan Academy,None,None,None
Herbert Hoover,15,Khan Academy,male,writer|businessperson|engineer|statesperson|politician|geologist|mining engineer,None
Marco Polo,3,Khan Academy,male,writer|ambassador|entrepreneur|diplomat|merchant|memoirist|explorer|world traveler|traveler,None
Greeks,2,Khan Academy,None,None,None
Aztecs,6,Khan Academy,None,None,None
Franklin Delano Roosevelt's,18,Khan Academy,None,None,None
Daniel Shays' Rebellion,4,Khan Academy,None,None,None
Daniel Shays,9,Khan Academy,male,farmer,None
Thomas Paine,2,Khan Academy,male,entrepreneur|politician|writer|journalist|philosopher|opinion journalist|prose writer,None
Abigail Adams,1,Khan Academy,female,politician|writer,None
John Locke,19,Khan Academy,male,scientist|writer|physician|philosopher|philosopher of law|politician,None
William Pitt,5,Khan Academy,male,lawyer|politician,None
Suppose Kim,17,Khan Academy,None,None,None
Jeff,13,Khan Academy,male,researcher,None
McCulloch,16,Khan Academy,male,ichthyologist|zoologist|carcinologist,None
Thomas Jefferson's,5,Khan Academy,None,None,None
Mitch McConnell,11,Khan Academy,male,judge|lawyer|politician|legislative assistant,None
Arthur Schlesinger,4,Khan Academy,male,anesthesiologist|surgeon,None
Baker,18,Khan Academy,male,police officer|ornithologist,None
Chuck Grassley,8,Khan Academy,male,politician|farmer|university teacher|legislator,None
Twitter,3,Khan Academy,None,None,None
Eisenhower,3,Khan Academy,male,writer|politician|military personnel|military officer|statesperson|army officer,None
James Monroe,12,Khan Academy,male,lawyer|politician|writer|farmer|diplomat|statesperson,None
Gerald Ford,9,Khan Academy,male,lawyer|politician|statesperson|military officer|gridiron football player|autobiographer|American football player,None
George Wallace,2,Khan Academy,male,lawyer|judge|military officer|boxer|politician,None
Virginia Minor,5,Khan Academy,female,suffragist,None
Uncle Sam,1,Khan Academy,male,singer,None
Hernán Cortés,5,Khan Academy,male,governor|conquistador|explorer,None
Alfred Thayer Mahan,6,Khan Academy,male,writer|historian|military officer|political scientist|military historian|geopolitical analyst,None
Pearl Harbour,9,Khan Academy,female,singer|actor|musician,None
Vichy France,19,Khan Academy,None,None,None
Adolf Hitler,9,Khan Academy,male,politician,None
Winston Churchill,2,Khan Academy,male,historian|politician,None
Woodrow Wilson,43,Khan Academy,male,teacher|writer|university teacher|lawyer|academic|politician|jurist|statesperson|political scientist,None
Woodrow Wilson's,5,Khan Academy,None,None,None
W. E. B. Du W. E. B. Du Bois,1,Khan Academy,None,None,None
Wilson,13,Khan Academy,None,None,None
Iwo Jima,5,Khan Academy,None,None,None
Ida B. Ida B. Wells,1,Khan Academy,None,None,None
Mussolini,6,Khan Academy,male,teacher|politician|journalist|fascist,None
Arthur Zimmermann,6,Khan Academy,male,politician|jurist|diplomat,None
Stalin,7,Khan Academy,male,statesperson|politician|revolutionary|opinion journalist|linguist,None
William Jennings Bryan,5,Khan Academy,male,politician|lawyer|writer|editor|diplomat|publisher,None
Michel,7,Khan Academy,male,association football manager|association football player|television presenter,None
Spencer,7,Khan Academy,male,painter,None
Lorenzo,16,Khan Academy,male,painter,None
Ty,7,Khan Academy,male,record producer|composer|musician|rapper,None
Kiko,5,Khan Academy,male,television presenter|association football player|journalist,None
John Emerson,7,Khan Academy,male,screenwriter|writer|actor|playwright|stage actor|film director|film producer|film actor,None
Eliza Sanford,6,Khan Academy,None,None,None
Roger Tawny,7,Khan Academy,None,None,None
max,1,Khan Academy,None,None,None
Eleanor Roosevelt,4,Khan Academy,female,politician|diplomat|writer|women's rights activist|columnist|human rights activist|journalist|peace activist|autobiographer,None
James Henry Hammond,10,Khan Academy,male,lawyer|politician|jurist|journalist|planter class,None
Hmm,1,Khan Academy,None,None,None
B.,1,Khan Academy,male,jazz musician|saxophonist,None
Hey Grover,20,Khan Academy,None,None,None
Sol Khan,8,Khan Academy,None,None,None
Jeffrey Rose,6,Khan Academy,male,motivational speaker|lecturer|nutritionist,None
William Howard Taft,5,Khan Academy,male,judge|writer|lawyer|university teacher|politician|statesperson|prosecutor|pedagogue,None
Taft,1,Khan Academy,male,botanist,None
John Jay,11,Khan Academy,male,judge|politician|lawyer|diplomat,None
Aaron Burr,3,Khan Academy,male,lawyer|jurist|politician|military officer|bretteur,None
Dwight D. Dwight D. Eisenhower,1,Khan Academy,None,None,None
Dwight D. Eisenhower,5,Khan Academy,male,writer|politician|military personnel|military officer|statesperson|army officer,None
Ronald Reagan's,1,Khan Academy,None,None,None
Stephen Douglas,5,Khan Academy,male,judge|lawyer|politician,None
Lyndon Johnson,3,Khan Academy,male,statesperson|politician|teacher|rancher,None
Joe,3,Khan Academy,male,politician|lawyer|diplomat|journalist,None
Andrew Jackson's,1,Khan Academy,None,None,None
Federalist Papers,6,Khan Academy,None,None,None
Brutus,24,Khan Academy,male,photographer|university teacher|writer|physicist|inventor|painter|sculptor,None
Thomas Hobbes,11,Khan Academy,male,in-home tutor|philosopher of law|writer|political scientist|philosopher|mathematician|economist|politician|historian|translator,None
Alfonso Lopez,11,Khan Academy,male,boxer,None
Arthur Zimmerman,6,Khan Academy,None,None,None
Weimar Germany,10,Khan Academy,None,None,None
John Dickerson,9,Khan Academy,male,horse trainer,None
Abigail,1,Khan Academy,female,None,None
Lyman Beecher,8,Khan Academy,male,writer|presbyter|theologian,None
John Quincy Adams,27,Khan Academy,male,lawyer|writer|politician|diplomat|statesperson|diarist,None
Martin Van Buren,2,Khan Academy,male,lawyer|writer|politician|diplomat|statesperson,None
William Henry Harrison,7,Khan Academy,male,politician|military officer|diplomat|statesperson,None
Jesus Christ,2,Khan Academy,male,teacher|prophet|rabbi|Messiah|pastor|carpenter|preacher|father of faith|tektōn|religious leader|thaumaturge|healer,Jewish people
Charles Grandison Finney,5,Khan Academy,male,theologian|writer|religious leader,None
Samuel Slater,5,Khan Academy,male,entrepreneur,None
Charles Lowell,5,Khan Academy,male,Christian minister,None
James Monroe Doctrine,12,Khan Academy,None,None,None
William McKinley,1,Khan Academy,male,lawyer|politician|statesperson,None
Albert Einstein,1,Khan Academy,male,physicist,Jewish people
Binky Barnes,8,PBS Kids,None,None,None
Buster Baxter's,18,PBS Kids,None,None,None
Buster Baxter,22,PBS Kids,None,None,None
Daniel,1,PBS Kids,male,composer,None
Peggy,7,PBS Kids,female,singer,None
Eva,1,PBS Kids,female,trade unionist|stage actor|film actor|politician|suffragist|women's rights activist,None
Harry,14,PBS Kids,male,visual artist|rugby league player,None
Kitty Academy,7,PBS Kids,None,None,None
Xavier Riddle,42,PBS Kids,None,None,None
Hmm,11,PBS Kids,None,None,None
Grandmaster Flash,10,PBS Kids,male,composer|disc jockey|rapper|record producer|musician,African Americans
Burby,23,PBS Kids,None,None,None
Brad,70,PBS Kids,male,swimmer|water polo player,None
Yadina,58,PBS Kids,None,None,None
Zoom,48,PBS Kids,male,record producer|composer|musician,None
Mary Seacole,9,PBS Kids,female,writer|nurse|autobiographer|traditional healer,African Americans
Barbie,4,PBS Kids,female,actor|Playboy Playmate|preschool teacher|erotic photography model|model|television actor|film actor,None
Bill,1,PBS Kids,male,diplomat|politician|ambassador,None
Mary,4,PBS Kids,female,None,None
Wilma Rudolph,22,PBS Kids,female,sprinter,African Americans
Jonas Salk,20,PBS Kids,male,physician|inventor|biologist|immunologist|epidemiologist|virologist,None
Rosa Parks,24,PBS Kids,female,civil rights advocate|public figure|autobiographer|political activist|human rights activist,African Americans
Thurgood Marshall,5,PBS Kids,male,judge|lawyer|politician|jurist,African Americans
Marshall,2,PBS Kids,male,botanist,None
Kitty,10,PBS Kids,female,writer,None
Fred,10,PBS Kids,male,lepidopterist|director,None
Doom,14,PBS Kids,None,None,None
Jesse Owens,38,PBS Kids,male,sprinter|athletics competitor|long jumper,African Americans
Yummy,1,PBS Kids,male,None,None
Ella Fitzgerald,17,PBS Kids,female,composer|bandleader|film actor|conductor|jazz musician|singer|recording artist|singer-songwriter,African Americans
Kinda,1,PBS Kids,None,None,None
Frederick Douglass,25,PBS Kids,male,writer|businessperson|abolitionist|film editor|orator|autobiographer|politician|suffragist|diplomat|caulker|editor|journalist,African Americans
Jimmy,4,PBS Kids,male,None,None
Martin Luther King Jr.,3,PBS Kids,male,writer|peace activist|politician|opinion journalist|pastor|pacifist|preacher|civil rights advocate|human rights activist,African Americans
Pierce Freelon,7,PBS Kids,male,jazz musician,None
Maya Angelou,10,PBS Kids,female,screenwriter|writer|playwright|politician|journalist|singer|comedian|stage actor|professor|television producer|film producer|film director|novelist|songwriter|television actor|essayist|dancer|human rights activist|autobiographer,African Americans
Maya,2,PBS Kids,female,musician,None
Abraham Lincoln,17,PBS Kids,male,writer|lawyer|politician|military officer|farmer|statesperson|postmaster,None
Brad Meltzer,73,PBS Kids,male,writer|children's writer|screenwriter|novelist,None
Harriet Tubman,25,PBS Kids,female,nurse|writer|suffragist|human rights activist|feminist|spy|political activist|abolitionist,African Americans
Harriet,18,PBS Kids,female,singer|songwriter,None
John Brown,1,PBS Kids,male,None,None
Susan B. Susan B. Anthony,1,PBS Kids,None,None,None
Hana Ali,15,PBS Kids,female,actor,None
Muhammad Ali,23,PBS Kids,male,boxer,African Americans
Cassius,7,PBS Kids,male,boxer,None
Elizabeth,7,PBS Kids,female,None,None
Molly,13,PBS Kids,female,journalist|writer,None
Elizabeth Peretrovich,6,PBS Kids,None,None,None
Amelia Earhart,26,PBS Kids,female,journalist|aircraft pilot|travel writer|memoirist|women's rights activist|aviation writer,None
Amelia,2,PBS Kids,female,politician,None
Billie Jean,8,PBS Kids,None,None,None
Yay,3,PBS Kids,male,professional gamer,None
Ta-da,1,PBS Kids,None,None,None
Chris Eliopoulos,6,PBS Kids,male,letterer|screenwriter|comics artist|cartoonist|drawer,None
Chris,2,PBS Kids,male,actor|voice actor,None
Rogers,5,PBS Kids,female,architect,None
Robert,1,PBS Kids,male,Catholic priest|Catholic bishop,None
James Madison,14,PBS Kids,male,writer|lawyer|politician|diplomat|statesperson|philosopher,None
Thomas Jefferson,20,PBS Kids,male,writer|teacher|diplomat|lawyer|paleontologist|inventor|archaeologist|architect|philosopher|statesperson|politician|cryptographer|farmer|jurist,None
Thomas Jefferson's,1,PBS Kids,None,None,None
William Henry Harrison,23,PBS Kids,male,politician|military officer|diplomat|statesperson,None
Andrew Jackson,22,PBS Kids,male,lawyer|judge|politician|military officer|statesperson,None
Woodrow Wilson,14,PBS Kids,male,teacher|writer|university teacher|lawyer|academic|politician|jurist|statesperson|political scientist,None
Theodore Roosevelt,23,PBS Kids,male,naturalist|writer|politician|historian|statesperson|ornithologist|rancher|essayist|explorer|conservationist|autobiographer|diarist,None
Taft,2,PBS Kids,male,botanist,None
Abe Lincoln,16,PBS Kids,male,writer|lawyer|politician|military officer|farmer|statesperson|postmaster,None
George Washington,25,PBS Kids,male,writer|engineer|politician|farmer|statesperson|cartographer|revolutionary|geometer|army officer,None
Martha Washington,1,PBS Kids,female,politician,None
Barack Obama,7,PBS Kids,male,lawyer|podcaster|community organizer|politician|political writer|jurist|statesperson|academic|memoirist,African Americans
Grover Cleveland,12,PBS Kids,male,lawyer|writer|politician|executioner|statesperson,Scotch-Irish Americans
Benjamin Harrison,8,PBS Kids,male,lawyer|writer|politician|military officer|statesperson,None
Dwight Eich Eisenhower,14,PBS Kids,None,None,None
John Kennedy,16,PBS Kids,male,researcher,None
Nixon,4,PBS Kids,male,lawyer|politician|military officer|statesperson|autobiographer,None
John B. John B. Kennedy,4,PBS Kids,None,None,None
Herbert Hoover,16,PBS Kids,male,writer|businessperson|engineer|statesperson|politician|geologist|mining engineer,None
Wilson,1,PBS Kids,None,None,None
Lyndon Johnson,14,PBS Kids,male,statesperson|politician|teacher|rancher,None
Kennedy,1,PBS Kids,male,writer|politician|statesperson|journalist|naval officer|anti-communist,Irish Americans
Lyndon B. Lyndon B. Johnson,2,PBS Kids,None,None,None
Lewis,1,PBS Kids,female,writer|screenwriter|journalist|children's writer|novelist|film producer,None
Clark,1,PBS Kids,female,athletics competitor,None
John Adams,16,PBS Kids,male,politician,None
John Tyler,13,PBS Kids,male,politician|lawyer|statesperson,None
Richard Nixon,23,PBS Kids,male,lawyer|politician|military officer|statesperson|autobiographer,None
Eisenhower,1,PBS Kids,male,writer|politician|military personnel|military officer|statesperson|army officer,None
John F. John F. Kennedy,1,PBS Kids,None,None,None
George Bush,14,PBS Kids,male,politician|businessperson|rugby union player|military officer|motivational speaker|statesperson|autobiographer|painter|financier,None
George W. George W. Bush,16,PBS Kids,None,None,None
Ronald Reagan,25,PBS Kids,male,screenwriter|politician|game show host|actor|announcer|anti-communist|military officer|lifeguard|voice actor|statesperson|diarist|television actor|character actor|art collector|film actor|trade unionist|autobiographer,None
Franklin Pierce,18,PBS Kids,male,lawyer|politician|statesperson,None
Jimmy Carter,19,PBS Kids,male,writer|businessperson|engineer|politician|farmer|environmentalist|novelist|peace activist|diplomat|autobiographer|naval officer|statesperson|humanitarian|human rights activist|submariner,None
James Buchanan,11,PBS Kids,male,lawyer|politician|diplomat|statesperson,None
Warren G. Warren G. Harding,15,PBS Kids,None,None,None
Andrew Johnson,15,PBS Kids,male,politician|military officer|tailor|statesperson,None
Lincoln,3,PBS Kids,female,badminton player,None
William McKinley,13,PBS Kids,male,lawyer|politician|statesperson,None
Rutherford Hayes,17,PBS Kids,male,lawyer|military officer|statesperson,None
Al Gore,1,PBS Kids,male,writer|businessperson|politician|financier|environmentalist|journalist|blogger|orator|climate activist,None
Chester A. Chester A. Arthur,14,PBS Kids,None,None,None
William Howard Taft,24,PBS Kids,male,judge|writer|lawyer|university teacher|politician|statesperson|prosecutor|pedagogue,None
Theodore Roosevelt's,4,PBS Kids,None,None,None
Franklin Delano Roosevelt,15,PBS Kids,male,statesperson,None
Benjamin,3,PBS Kids,male,writer|comics artist,None
Ulysses S. Ulysses S. Grant,15,PBS Kids,None,None,None
Martin Van Buren,17,PBS Kids,male,lawyer|writer|politician|diplomat|statesperson,None
Calvin Coolidge,16,PBS Kids,male,lawyer|politician|statesperson|autobiographer,None
John Quincy Adams,13,PBS Kids,male,lawyer|writer|politician|diplomat|statesperson|diarist,None
Henry Clay,3,PBS Kids,male,writer|lawyer|politician|diplomat,None
Harry Truman,12,PBS Kids,male,businessperson|politician|judge|military officer|diarist,None
Zachary Taylor,19,PBS Kids,male,statesperson,None
Push,1,PBS Kids,male,actor|television presenter|radio personality|model|television actor,None
Millard Fillmore,9,PBS Kids,male,lawyer|politician|statesperson,None
Bill Clinton,13,PBS Kids,male,writer|lawyer|politician|teacher|statesperson|governor|saxophonist|autobiographer|jurist|diplomat,None
Ross Perot,1,PBS Kids,male,entrepreneur|politician|naval officer,None
Bush,1,PBS Kids,male,politician|businessperson|rugby union player|military officer|motivational speaker|statesperson|autobiographer|painter|financier,None
James K. James K. Polk,14,PBS Kids,None,None,None
James Monroe,12,PBS Kids,male,lawyer|politician|writer|farmer|diplomat|statesperson,None
Andrew Andrew Jackson,18,PBS Kids,None,None,None
Andrew Jackson King,15,PBS Kids,male,lawyer,None
Andrew,1,PBS Kids,male,politician,None
Gerald Ford,13,PBS Kids,male,lawyer|politician|statesperson|military officer|gridiron football player|autobiographer|American football player,None
James Garfield,12,PBS Kids,male,writer|military personnel|lawyer|politician|statesperson,None
James A. James A. Garfield,3,PBS Kids,None,None,None
Bell,5,PBS Kids,None,None,None
James Naismith,15,PBS Kids,male,writer|inventor|physician|cleric|head coach|basketball player|basketball coach,None
Temple Grandin,136,PBS Kids,female,screenwriter|zoologist|writer|biologist|university teacher|academic|activist|non-fiction writer,None
Ben,27,PBS Kids,male,baseball player,None
Roberto Clemente,27,PBS Kids,male,baseball player,None
Kristi Yamaguchi,10,PBS Kids,female,writer|children's writer|television actor|figure skater,None
Kristi,11,PBS Kids,female,writer|children's writer|television actor|figure skater,None
Ruth Bader Ginsburg,32,PBS Kids,female,judge|lawyer|jurist,None
Gary,4,PBS Kids,male,singer|record producer|songwriter|restaurateur|music promoter,None
Will Brad,6,PBS Kids,None,None,None
Albert Einstein,75,PBS Kids,male,physicist,Jewish people
John Green,643,Crash Course,male,farmer|radio producer|political writer|broadcasting executive,None
U.S. History,8,Crash Course,None,None,None
Gerald Ford,12,Crash Course,male,lawyer|politician|statesperson|military officer|gridiron football player|autobiographer|American football player,None
John Green’s,6,Crash Course,None,None,None
Nixon,12,Crash Course,male,lawyer|politician|military officer|statesperson|autobiographer,None
Stan,161,Crash Course,male,writer|psychiatrist|university teacher|psychologist|academic,None
Jimmy Carter,28,Crash Course,male,writer|businessperson|engineer|politician|farmer|environmentalist|novelist|peace activist|diplomat|autobiographer|naval officer|statesperson|humanitarian|human rights activist|submariner,None
Eric Foner,18,Crash Course,male,historian|university teacher,None
Ronald Reagan,60,Crash Course,male,screenwriter|politician|game show host|actor|announcer|anti-communist|military officer|lifeguard|voice actor|statesperson|diarist|television actor|character actor|art collector|film actor|trade unionist|autobiographer,None
George H. W. George H. W. Bush,38,Crash Course,None,None,None
George Bush,1,Crash Course,male,politician|businessperson|rugby union player|military officer|motivational speaker|statesperson|autobiographer|painter|financier,None
Theodore Roosevelt,34,Crash Course,male,naturalist|writer|politician|historian|statesperson|ornithologist|rancher|essayist|explorer|conservationist|autobiographer|diarist,None
Barbie,1,Crash Course,female,actor|Playboy Playmate|preschool teacher|erotic photography model|model|television actor|film actor,None
Dan,3,Crash Course,None,None,None
George H. W. George H. W. Bush's,7,Crash Course,None,None,None
Michael Dukakis,7,Crash Course,male,politician|lawyer|university teacher,None
Jesse Jackson,38,Crash Course,male,politician|pastor|civil rights advocate|human rights activist|organizational founder,None
Saddam Hussein,5,Crash Course,male,writer|military personnel|politician|revolutionary|novelist,None
John Dennis Fowler Green,58,Crash Course,male,farmer|radio producer|political writer|broadcasting executive,None
Rodney King,9,Crash Course,male,author|taxi driver|activist,African Americans
Raul Meyer,15,Crash Course,None,None,None
Ross Perot,1,Crash Course,male,entrepreneur|politician|naval officer,None
Bill Clinton,44,Crash Course,male,writer|lawyer|politician|teacher|statesperson|governor|saxophonist|autobiographer|jurist|diplomat,None
George W. George W. Bush,35,Crash Course,None,None,None
Herbert Hoover,23,Crash Course,male,writer|businessperson|engineer|statesperson|politician|geologist|mining engineer,None
Andrew Jackson,16,Crash Course,male,lawyer|politician|military officer|statesperson|judge,None
Gatsby,5,Crash Course,None,None,None
Calvin Coolidge,5,Crash Course,male,lawyer|politician|statesperson|autobiographer,None
Warren G. Harding,2,Crash Course,male,businessperson|politician|statesperson|newspaper editor,None
Warren G. Warren G. Harding,1,Crash Course,None,None,None
Henry Ford,5,Crash Course,male,writer|politician|entrepreneur|racing automobile driver|inventor|business magnate|journalist|industrialist,None
Charles Lindbergh,3,Crash Course,male,engineer|fighter pilot|inventor|air force officer|aviation writer|aircraft pilot|peace activist|autobiographer|diarist,None
Oliver Wendell Holmes,4,Crash Course,male,writer|physician|poet|physician writer|university teacher|novelist|medical writer,None
William Jennings Bryan,9,Crash Course,male,politician|lawyer|writer|editor|diplomat|publisher,None
Rosyana Rojas,5,Crash Course,None,None,None
Thought Cafe,53,Crash Course,None,None,None
Franklin Delano Roosevelt,22,Crash Course,male,statesperson,None
FDR,36,Crash Course,male,statesperson,None
Eleanor Roosevelt,9,Crash Course,female,politician|diplomat|writer|women's rights activist|columnist|human rights activist|journalist|peace activist|autobiographer,None
Nah,2,Crash Course,None,None,None
A. Philip A. Philip Randolph,26,Crash Course,None,None,None
US History,5,Crash Course,None,None,None
Hillary Clinton,3,Crash Course,female,lawyer|politician|jurist|diplomat|university teacher|film producer|podcaster|autobiographer,None
Newt Gingrich,6,Crash Course,male,writer|politician|teacher|historian|novelist,None
John,41,Crash Course,male,Catholic bishop|Catholic priest,None
Articles,1,Crash Course,None,None,None
Daniel Shays,1,Crash Course,male,farmer,None
Thomas Jefferson,85,Crash Course,male,writer|teacher|lawyer|architect|politician|farmer|jurist|diplomat|inventor|statesperson|paleontologist|archaeologist|philosopher|cryptographer,None
Daniel Shays' Rebellion,1,Crash Course,None,None,None
Alexander Hamilton,34,Crash Course,male,Christian minister,None
James Madison,23,Crash Course,male,writer|lawyer|diplomat|politician|statesperson|philosopher,None
Roger Sherman,3,Crash Course,male,lawyer|politician|judge|diplomat|statesperson,None
John Jay,5,Crash Course,male,judge|politician|lawyer|diplomat,None
Federalist Papers,1,Crash Course,None,None,None
Richard Nixon,43,Crash Course,male,politician|lawyer|military officer|statesperson|autobiographer,None
Lyndon Johnson,12,Crash Course,male,statesperson|politician|teacher|rancher,None
Barry Goldwater,13,Crash Course,male,photographer|businessperson|aircraft pilot|politician|military officer,None
Lyndon B. Lyndon B. Johnson,10,Crash Course,None,None,None
George Wallace,3,Crash Course,male,lawyer|judge|military officer|boxer|politician,None
Earl Warren,6,Crash Course,male,judge|lawyer|politician,None
Nathaniel Hawthorne,9,Crash Course,male,writer|diplomat|children's writer|novelist|short story writer|science fiction writer,None
Mark Twain,6,Crash Course,male,writer|teacher|journalist|travel writer|aphorist|children's writer|opinion journalist|novelist|prose writer|humorist|autobiographer|science fiction writer,None
Ralph Waldo Emerson,5,Crash Course,male,writer|poet|biographer|philosopher|orator|Christian minister|abolitionist|essayist|diarist|Unitarian pastor,None
Stan Muller,18,Crash Course,male,None,None
Jamestown,4,Crash Course,None,None,None
William Penn,6,Crash Course,male,politician|entrepreneur|writer|theologian|philosopher|Colonial proprietor,None
William Berkeley,7,Crash Course,male,governor|civil servant,None
Nathaniel Bacon,7,Crash Course,male,settler|politician,None
Paul Revere,1,Crash Course,male,silversmith|entrepreneur|military personnel|Minutemen,None
George Washington,38,Crash Course,male,writer|engineer|politician|farmer|statesperson|cartographer|revolutionary|geometer|army officer,None
Danica Johnson,19,Crash Course,female,None,None
George,2,Crash Course,male,thaumaturge|dragonslayer|soldier,None
Martin Luther King Jr. Jr.,7,Crash Course,None,None,None
Martin Luther King Jr.'s,1,Crash Course,None,None,None
John F. John F. Kennedy,11,Crash Course,None,None,None
James,1,Crash Course,male,Catholic bishop|Catholic priest,None
Martin Luther King Jr.,48,Crash Course,male,writer|peace activist|politician|opinion journalist|pastor|pacifist|preacher|civil rights advocate|human rights activist,African Americans
Malcolm X,7,Crash Course,male,imam|politician|human rights activist|political activist|autobiographer|Muslim minister,African Americans
Miranda,7,Crash Course,female,singer,None
Griswold,1,Crash Course,male,arachnologist,None
colonists,3,Crash Course,None,None,None
George III,5,Crash Course,male,politician|ruler|monarch|aristocrat|art collector|patron of the arts,None
Crispus Attucks,16,Crash Course,male,stevedore|sailor,African Americans|Massachusett people|Wampanoag people
John Adams,29,Crash Course,male,politician,None
Thomas Paine,2,Crash Course,male,entrepreneur|politician|writer|journalist|philosopher|opinion journalist|prose writer,None
Harry Potter,1,Crash Course,male,golfer,None
Meredith Danko,17,Crash Course,None,None,None
Ayn Rand,1,Crash Course,female,screenwriter|writer|playwright|science fiction writer|journalist|literary critic|philosopher|novelist|essayist,Jewish people
Cornelius Vanderbilt,4,Crash Course,male,railway executive|entrepreneur,None
John D. John D. Rockefeller,2,Crash Course,None,None,None
J. P. J. P. Morgan,5,Crash Course,None,None,None
Andrew Carnegie,2,Crash Course,male,writer|entrepreneur|philanthropist|fabricator|economist|merchant|business magnate|industrialist,None
Darwin,1,Crash Course,male,naturalist|writer|geologist|botanist|travel writer|philosopher|explorer|ethologist,None
Alexander Hamilton's,8,Crash Course,None,None,None
Thomas Jefferson's,2,Crash Course,None,None,None
George Washington's,4,Crash Course,None,None,None
John Adams',3,Crash Course,None,None,None
Abraham Lincoln,43,Crash Course,male,politician|writer|lawyer|farmer|military officer|statesperson|postmaster,None
Andrew,2,Crash Course,male,politician,None
Andrew Johnson,13,Crash Course,male,tailor|politician|military officer|statesperson,None
Abraham Lincoln's,5,Crash Course,None,None,None
Jefferson,5,Crash Course,male,association football player,None
Jefferson Davis,1,Crash Course,male,writer|politician|businessperson|military officer|political writer,None
Ulysses S. Ulysses S. Grant,13,Crash Course,None,None,None
Ulysses S. Grant's,1,Crash Course,None,None,None
Samuel J. Samuel J. Tilden,2,Crash Course,None,None,None
Rutherford B. Rutherford B. Hayes,4,Crash Course,None,None,None
Jim Crow,32,Crash Course,male,classical scholar|archaeologist|university teacher|classical archaeologist,None
Stephen Douglas,6,Crash Course,male,judge|lawyer|politician,None
Dred Scott,25,Crash Course,male,activist,None
James Buchanan,4,Crash Course,male,lawyer|politician|diplomat|statesperson,None
John Brown,10,Crash Course,male,None,None
Roger B. Roger B. Taney,1,Crash Course,None,None,None
Roger B. Taney,2,Crash Course,male,judge|lawyer|politician,None
Roger B. Taney's,1,Crash Course,None,None,None
Kim,3,Crash Course,female,musician,None
Al Gore,8,Crash Course,male,writer|businessperson|politician|financier|environmentalist|journalist|blogger|orator|climate activist,None
Jeb Bush,5,Crash Course,male,businessperson|writer|real estate developer|politician|governor|banker|bookbinder,None
John McCain,2,Crash Course,male,naval officer|writer|screenwriter|politician|autobiographer|fighter pilot|television presenter|aircraft pilot|author,None
John Kerry,4,Crash Course,male,politician|lawyer|diplomat|aircraft pilot|naval officer|peace activist|climate activist,None
King George,1,Crash Course,male,actor|influencer,None
Abigail,1,Crash Course,female,None,None
George George Washington,2,Crash Course,None,None,None
Robert E. Robert E. Lee,7,Crash Course,None,None,None
Matthew Brady,3,Crash Course,male,None,None
George Plunkett,7,Crash Course,male,politician|diplomat|barrister|art historian,None
Chester A. Chester A. Arthur,1,Crash Course,None,None,None
Benjamin Harrison,1,Crash Course,male,lawyer|writer|politician|military officer|statesperson,None
William McKinley,10,Crash Course,male,lawyer|politician|statesperson,None
Henry Clay,6,Crash Course,male,writer|lawyer|politician|diplomat,None
John Ross,1,Crash Course,male,musician|conductor|organist|music director,None
William Henry Harrison,6,Crash Course,male,politician|military officer|diplomat|statesperson,None
Bob,5,Crash Course,male,basketball player,None
John C. John C. Calhoun,8,Crash Course,None,None,None
Jackson,4,Crash Course,male,pornographic actor,None
Hamilton,1,Crash Course,male,racing automobile driver|Formula One driver,None
William Howard Taft,13,Crash Course,male,judge|writer|lawyer|university teacher|politician|statesperson|prosecutor|pedagogue,None
Woodrow Wilson,40,Crash Course,male,teacher|writer|university teacher|lawyer|academic|politician|jurist|statesperson|political scientist,None
Ronald Reagan's,14,Crash Course,None,None,None
Jimmy,3,Crash Course,male,None,None
Monticello,1,Crash Course,None,None,None
John Locke,7,Crash Course,male,scientist|writer|physician|philosopher|philosopher of law|politician,None
Joseph Stalin,6,Crash Course,male,statesperson|politician|revolutionary|opinion journalist|linguist,None
Harry Truman,5,Crash Course,male,businessperson|politician|judge|military officer|diarist,None
George Marshall,2,Crash Course,male,politician|diplomat|American football player|army officer,None
Douglas MacArthur,4,Crash Course,male,military officer|army officer,None
Cotton,3,Crash Course,male,baseball player|athletics competitor,None
Greeks,1,Crash Course,None,None,None
Daniel,1,Crash Course,male,composer,None
David,2,Crash Course,male,drawer|architect,None
Harriet Tubman,14,Crash Course,female,nurse|writer|suffragist|human rights activist|feminist|spy|political activist|abolitionist,African Americans
Martin Van Buren,12,Crash Course,male,lawyer|writer|politician|diplomat|statesperson,None
James K. James K. Polk,8,Crash Course,None,None,None
Zachary Taylor,2,Crash Course,male,statesperson,None
Winfield Scott,1,Crash Course,male,politician|military officer,None
William Seward,1,Crash Course,male,lawyer|writer|politician|diplomat,None
John Smith,5,Crash Course,male,politician,None
Roger Williams,3,Crash Course,male,politician,None
John Winthrop,4,Crash Course,male,writer|lawyer|politician|jurist|theologian,None
Barack Obama,55,Crash Course,male,lawyer|political writer|community organizer|politician|jurist|statesperson|academic|memoirist|podcaster,African Americans
Aaron Burr,4,Crash Course,male,lawyer|jurist|politician|military officer|bretteur,None
Martha Washington,3,Crash Course,female,politician,None
John Marshall,11,Crash Course,male,jazz musician|percussionist,None
Madison,3,Crash Course,male,radio personality,None
Lewis,2,Crash Course,female,writer|screenwriter|journalist|children's writer|novelist|film producer,None
Clark,1,Crash Course,female,athletics competitor,None
Arthur Schlesinger,1,Crash Course,male,anesthesiologist|surgeon,None
Harriet Beecher Stowe,5,Crash Course,female,poet|writer|abolitionist|children's writer|novelist|essayist|short story writer,None
Maria Stewart,35,Crash Course,female,None,None
Uncle Tom's,7,Crash Course,None,None,None
Sarah,1,Crash Course,female,pornographic actor,None
Frederick Douglass,98,Crash Course,male,writer|businessperson|abolitionist|film editor|orator|autobiographer|politician|suffragist|diplomat|caulker|editor|journalist,African Americans
William Lloyd Garrison,9,Crash Course,male,writer|editor|journalist|social reformer|abolitionist,None
W. E. B. Du W. E. B. Du Bois,5,Crash Course,None,None,None
Luke,2,Crash Course,male,physician|writer|Four Evangelists|painter|evangelist|iconographer,None
Stonewall Jackson,9,Crash Course,male,military personnel|teacher|military leader,None
George McClellan,6,Crash Course,male,writer|military officer|designer|army officer,None
Robert E. Lee,4,Crash Course,male,military personnel|military officer|army officer,None
Robert E. Lee's,4,Crash Course,None,None,None
Jesus,2,Crash Course,male,teacher|prophet|rabbi|Messiah|pastor|carpenter|preacher|father of faith|tektōn|religious leader|thaumaturge|healer,Jewish people
Charles Grandison Finney,1,Crash Course,male,theologian|writer|religious leader,None
Jesus Christ,3,Crash Course,male,teacher|prophet|rabbi|Messiah|pastor|carpenter|preacher|father of faith|tektōn|religious leader|thaumaturge|healer,Jewish people
Richard,1,Crash Course,male,Catholic priest|Catholic bishop,None
David Walker,9,Crash Course,male,racing automobile driver|Formula One driver,None
Rosa Parks,31,Crash Course,female,public figure|civil rights advocate|human rights activist|political activist|autobiographer,African Americans
Brown,7,Crash Course,male,paleontologist,None
Plessy,16,Crash Course,None,None,None
Ferguson,13,Crash Course,male,painter,None
Eisenhower,9,Crash Course,male,writer|politician|military personnel|military officer|statesperson|army officer,None
Sam,1,Crash Course,male,boxer|baseball player|boxing trainer,None
Jane Addams,4,Crash Course,female,writer|suffragette|human rights activist|journalist|sociologist|philosopher|social critic|political theorist|peace activist|autobiographer|social reformer|women's rights activist,None
Alice Paul,6,Crash Course,female,suffragette|women's rights activist|jurist,None
Elizabeth,5,Crash Course,female,None,None
Walter Raleigh,1,Crash Course,male,poet|writer|politician|knight|spy|explorer,None
Squanto,4,Crash Course,male,guide|interpreter,None
Twitter,3,Crash Course,None,None,None
Booker T. Booker T. Washington,21,Crash Course,None,None,None
Booker T. Washington,4,Crash Course,male,writer|teacher|human rights activist|autobiographer|businessperson|politician|educator|pedagogue,African Americans
Woodrow Wilson's,3,Crash Course,None,None,None
Andrew Andrew Jackson,39,Crash Course,None,None,None
John Quincy Adams,4,Crash Course,male,lawyer|writer|politician|diplomat|statesperson|diarist,None
Northerners,1,Crash Course,None,None,None
Thomas Edison,1,Crash Course,male,screenwriter|businessperson|entrepreneur|mathematician|physicist|engineer|film director|inventor,Americans
Grover Cleveland,1,Crash Course,male,lawyer|writer|politician|executioner|statesperson,Scotch-Irish Americans
John Boehner,9,Crash Course,male,businessperson|entrepreneur|politician|business executive,None
Yay,1,Crash Course,male,professional gamer,None
Adlai Stevenson,12,Crash Course,male,lawyer|politician,None
North,1,Crash Course,male,musician,None
Syngman Rhee,2,Crash Course,male,politician|writer|journalist,None
Truman,5,Crash Course,male,businessperson|politician|judge|military officer|diarist,None
John B. John B. Kennedy,1,Crash Course,None,None,None
Lyndon B. Johnson,4,Crash Course,male,politician|statesperson|teacher|rancher,None
Winston Churchill,1,Crash Course,male,historian|politician,None
George Whitefield,7,Crash Course,male,writer|preacher|theologian|Christian minister,None
Hitler,3,Crash Course,male,politician,None
Clint Smith,268,Crash Course,male,ice hockey player,None
Josephine St. Pierre Josephine St. Pierre Ruffin,12,Crash Course,None,None,None
Ida B. Ida B. Wells,2,Crash Course,None,None,None
Mary McLeod Bethune,5,Crash Course,female,writer|teacher|politician|human rights activist|journalist|suffragist,African Americans
Grandmaster Flash,2,Crash Course,male,composer|disc jockey|rapper|record producer|musician,African Americans
Anthony Johnson,12,Crash Course,male,economist|politician|diplomat,None
Antonio,3,Crash Course,male,Catholic bishop|Catholic priest,None
Bennett,1,Crash Course,male,physician|ichthyologist|zoologist,None
Mary,1,Crash Course,female,None,None
Homer Plessy,2,Crash Course,male,cobbler,African Americans
Claudette Colvin,5,Crash Course,female,civil rights advocate|unlicensed assistive personnel,Americans|African Americans
Zora Neale Hurston,6,Crash Course,female,playwright|historian|civil rights advocate|film director|writer|journalist|folklorist|anthropologist|novelist,African Americans
Bobby Seale,14,Crash Course,male,animator|politician|human rights activist|university teacher|political activist|autobiographer,None
Elaine Brown,8,Crash Course,female,writer|singer|political activist,African Americans
Huey Newton,10,Crash Course,None,None,None
Maya Angelou,4,Crash Course,female,screenwriter|writer|playwright|politician|journalist|singer|comedian|stage actor|professor|television producer|film producer|film director|novelist|songwriter|television actor|essayist|dancer|human rights activist|autobiographer,African Americans
Audre Lorde,5,Crash Course,female,writer|teacher|poet|librarian|university teacher|philosopher|novelist|essayist|women's rights activist|feminist,African Americans
Nikki Giovanni,5,Crash Course,female,writer|teacher|poet,African Americans
Learner Coin,8,Crash Course,None,None,None
Marshall,6,Crash Course,male,botanist,None
Joanne P Robinson,7,Crash Course,None,researcher,None
Emmett,15,Crash Course,None,None,None
W.E.B. DuBois,8,Crash Course,None,None,None
Push,17,Crash Course,male,actor|television presenter|radio personality|model|television actor,None
King,3,Crash Course,male,clergyman|drawer|entomologist|artist,None
Phyllis Wheatley,29,Crash Course,None,None,None
Phyllis Wheatley's,9,Crash Course,None,None,None
Ben Franklin,1,Crash Course,male,writer|politician|diplomat,None
Jordan,1,Crash Course,male,pornographic actor,None
Langston Hughes,11,Crash Course,male,poet|essayist|writer|biographer|playwright|children's writer|opinion journalist|journalist|novelist,African Americans
William Tecumseh Sherman,4,Crash Course,male,lawyer|writer|banker|military officer,None
Rutherford B. Hayes,1,Crash Course,male,lawyer|military officer|statesperson,None
Karl Marx,1,Crash Course,male,author|writer|film screenwriter|journalist|poet|sociologist|television writer|politician|economist|revolutionary|philosopher|historian|social scientist,Ashkenazi Jews
Frank Church,1,Crash Course,male,politician,None
James W. James W. Stewart,6,Crash Course,None,None,None
Maria Charlotte de la,8,Crash Course,None,None,None
Stewart,7,Crash Course,male,portraitist|painter,None
Peter Blow,1,Crash Course,None,None,None
John Emerson,4,Crash Course,male,screenwriter|writer|actor|playwright|stage actor|film director|film producer|film actor,None
John Sanford,2,Crash Course,male,actor|comedian|television actor,African Americans|multiracial American
Roger Tawny,3,Crash Course,None,None,None
James Somerset,5,Crash Course,male,None,None
Shirley Chisholm,35,Crash Course,female,politician,African Americans
Trayvon Martin,7,Crash Course,male,None,African Americans
George Zimmerman,6,Crash Course,male,neighborhood watch,None
Michael Brown,5,Crash Course,male,politician,None
Taylor,3,Crash Course,male,zoologist|university teacher|ichthyologist|herpetologist,None
Lincoln,1,Crash Course,female,badminton player,None
Farmer Joe,5,Crash Course,None,None,None
Elizabeth Key Grinstead,9,Crash Course,female,activist,African Americans
Marcus Garvey,17,Crash Course,male,politician|printer|entrepreneur|sociologist|journalist,African Jamaican
Oliver Brown v. Board of Education,2,Crash Course,None,None,None
Oliver Brown,5,Crash Course,male,baseball player,None
Linda Brown,6,Crash Course,female,teacher|human rights activist|activist,African Americans
Thurgood Marshall,8,Crash Course,male,lawyer|judge|politician|jurist,African Americans
Oliver Brown v. Board,3,Crash Course,None,None,None
marijuana,3,Crash Course,None,None,None
Charles de L'Anne,16,Crash Course,None,None,None
Harry,4,Crash Course,male,visual artist|rugby league player,None
Shaw,1,Crash Course,female,basketball player,None
Zora Neale,19,Crash Course,None,None,None
Alice Walker,6,Crash Course,female,screenwriter|actor|short story writer|writer|novelist|university teacher|poet|climate activist|film producer|educator|essayist|civil rights advocate|children's writer,African Americans
Toni Morrison,65,Crash Course,female,writer|poet|novelist|editing staff|librettist|university teacher|audiobook narrator|children's writer,African Americans
William Still,6,Crash Course,male,historian|businessperson|activist|writer,African Americans
William,1,Crash Course,male,artist,None
Franklin Delano Roosevelt's,3,Crash Course,None,None,None
Samuel Adams,1,Crash Course,male,politician|philosopher,None
Dunmore,5,Crash Course,male,scientific illustrator|photographer,None
George Pullman,6,Crash Course,male,entrepreneur|inventor|fabricator,None
Bayard Rustin,18,Crash Course,male,LGBTQ rights activist|politician|civil rights advocate|political campaign staff|political activist|trade unionist,African Americans
Ida B. James Wells Ida B. Wells Barnett,18,Crash Course,None,None,None
Ida B. James Wells Ida B. Wells Barnett's,5,Crash Course,None,None,None
Elizabeth Key,23,Crash Course,female,activist,African Americans
Thomas Key,6,Crash Course,male,drawer|painter,None
John Maltram,5,Crash Course,None,None,None
James Weldon Johnson,5,Crash Course,male,writer|composer|poet|lawyer|politician|jurist|songwriter|novelist|diplomat,African Americans
Walter White,5,Crash Course,male,journalist|human rights activist|novelist|essayist,None
Peter,1,Crash Course,male,hermit|monk,None
Latasha Harlins,7,Crash Course,female,schoolchild,None
Soon Ja Du,5,Crash Course,female,businessperson,None
Martin Luther King Jr. - Malcolm Malcolm X,15,Crash Course,None,None,None
- Malcolm Malcolm X,20,Crash Course,None,None,None
Martin Luther King Jr. -,8,Crash Course,None,None,None
Malcolm Malcolm X,9,Crash Course,None,None,None
Elijah Muhammad,7,Crash Course,male,Muslim minister|politician,None
Darren Wilson,6,Crash Course,male,drummer,None
Eric Garner,8,Crash Course,male,horticulturist,African Americans
Oprah,5,Crash Course,female,actor|writer|reporter|businessperson|television presenter|television producer|voice actor|journalist|film producer|patron of the arts|motivational speaker|autobiographer|podcaster|talk show host,African Americans
Martin Luther Coretta,58,Crash Course,None,None,None
Scott King Jr.,58,Crash Course,None,None,None
Isabella,1,Crash Course,female,None,None
George Fox,12,Crash Course,male,theologian|writer,None
Clarence Thomas,38,Crash Course,male,judge|lawyer|politician,African Americans
Thomas,2,Crash Course,male,photographer|artist|visual artist|drawer|sculptor|painter,None
Anita Hill,28,Crash Course,female,professor|lawyer|human rights activist|women's rights activist,African Americans
Dwight D. Dwight D. Eisenhower,1,Crash Course,None,None,None
Baker,2,Crash Course,male,police officer|ornithologist,None
Kennedy,1,Crash Course,male,politician|writer|statesperson|journalist|naval officer|anti-communist,Irish Americans
Emmett Till,8,Crash Course,male,schoolchild,African Americans
Roy Bryant,9,Crash Course,male,None,None
J.W. J.W. Millam,7,Crash Course,None,None,None
Mamie Till,6,Crash Course,female,writer|teacher|civil rights advocate,None
Sophia,2,Crash Course,female,None,None
Edward Covey,10,Crash Course,male,None,None
Anna Murray,8,Crash Course,female,writer|physician|governess|autobiographer,None
God,1,Crash Course,male,musician|disc jockey|DJ producer,None
Johnson,2,Crash Course,male,painter|visual artist,None
Marsha P. Marsha P. Johnson,29,Crash Course,None,None,None
Sylvia Rivera,6,Crash Course,trans woman,women's rights activist|LGBTQ rights activist,None
Jemmy,8,Crash Course,male,peddler|military personnel|soldier,None
Craig,731,Crash Course,male,screenwriter|animator|television producer|cartoonist|television director,None
Taft,2,Crash Course,male,botanist,None
B.,1,Crash Course,male,jazz musician|saxophonist,None
Thomas Hobbes,1,Crash Course,male,in-home tutor|philosopher of law|writer|political scientist|philosopher|mathematician|economist|politician|historian|translator,None
Law,1,Crash Course,male,photographer,None
Clinton,8,Crash Course,male,teacher|lawyer|diplomat|saxophonist|autobiographer|writer|politician|statesperson|governor|jurist,None
Bush,5,Crash Course,male,politician|businessperson|rugby union player|military officer|motivational speaker|statesperson|autobiographer|painter|financier,None
Obama,2,Crash Course,male,lawyer|political writer|community organizer|politician|jurist|statesperson|academic|memoirist|podcaster,African Americans
trumps,1,Crash Course,None,None,None
Carr,1,Crash Course,male,painter,None
Gerry,1,Crash Course,male,physicist,None
Will Craig,28,Crash Course,male,baseball player,None
Hooray,4,Crash Course,female,snooker player,None
Bill,1,Crash Course,male,politician|ambassador|diplomat,None
Reagan,3,Crash Course,None,None,None
Phil,6,Crash Course,male,botanical collector|botanist,None
Yummy,1,Crash Course,male,None,None
Andrew Jackson's,1,Crash Course,None,None,None
Robert Shapiro,1,Crash Course,male,university teacher|chemist|biochemist,None
Donald Trump,1,Crash Course,male,actor|writer|businessperson|politician|entrepreneur|merchant|chief executive officer|television producer|investor|business magnate|restaurateur|film producer|real estate entrepreneur|conspiracy theorist|game show host,White Americans
Grutter,1,Crash Course,None,None,None
Hmm,1,Crash Course,None,None,None
Tell Craig,7,Crash Course,None,None,None
Miller,1,Crash Course,male,zoologist|curator|botanist,None
Marbury,1,Crash Course,None,None,None
Notice Craig,25,Crash Course,None,None,None
Aztecs,1,Crash Course,None,None,None
George W. Bush,1,Crash Course,male,businessperson|politician|military officer|statesperson|painter|financier|rugby union player|motivational speaker|autobiographer,None
Scalia,1,Crash Course,male,lawyer|judge|professor|jurist,None
Ruth Bader Ginsburg,1,Crash Course,female,judge|lawyer|jurist,None
William Rehnquist,1,Crash Course,male,judge|lawyer|politician|historian,None
Breyer,2,Crash Course,None,None,None
Autos Tales,26,PragerU,None,None,None
Jill,182,PragerU,female,ice hockey player,None
Otto,778,PragerU,male,screenwriter|actor|singer|comedian|showman|voice actor|film director|caricaturist|dub actor,None
Hop,6,PragerU,male,comics artist|cartoonist,None
Otto's Tales,66,PragerU,None,None,None
Saint Smidge,16,PragerU,None,None,None
Ruff,5,PragerU,male,rapper,None
Dennis,320,PragerU,female,singer,None
Duke,9,PragerU,male,pornographic actor,None
Juan,11,PragerU,male,association football player,None
Martin Luther King Jr. Jr.,6,PragerU,None,None,None
Martin Luther King Jr.,87,PragerU,male,opinion journalist|politician|writer|pastor|pacifist|peace activist|preacher|civil rights advocate|human rights activist,African Americans
Otto Waalkes,6,PragerU,male,screenwriter|actor|singer|comedian|showman|voice actor|film director|caricaturist|dub actor,None
Jim Crow,13,PragerU,male,classical scholar|archaeologist|university teacher|classical archaeologist,None
Rosa Parks,9,PragerU,female,public figure|civil rights advocate|human rights activist|political activist|autobiographer,African Americans
Martin Luther King Jr,7,PragerU,None,None,None
King,11,PragerU,male,clergyman|drawer|entomologist|artist,None
Johnson,3,PragerU,male,painter|visual artist,None
Abraham,30,PragerU,male,priest,None
George Washington,298,PragerU,male,engineer|politician|writer|revolutionary|army officer|geometer|farmer|statesperson|cartographer,None
Abraham Lincoln,89,PragerU,male,politician|writer|lawyer|farmer|military officer|statesperson|postmaster,None
Smidge,148,PragerU,None,None,None
Hmm,27,PragerU,None,None,None
May,6,PragerU,female,association football player,None
Wampo,8,PragerU,None,None,None
Prep,7,PragerU,None,None,None
Otto nudged Dennis,20,PragerU,None,None,None
Dennis Prager,8,PragerU,male,writer|theologian|journalist|radio personality|opinion journalist|YouTuber,None
Kelly,20,PragerU,male,association football player,None
Dad,7,PragerU,male,preacher|cult leader,None
Otto and Dennis,86,PragerU,None,None,None
Otto and Dennis's,6,PragerU,None,None,None
Christopher Columbus,29,PragerU,male,sailor|inventor|explorer|seafarer|traveler,None
Marco Polo,3,PragerU,male,writer|ambassador|entrepreneur|explorer|diplomat|traveler|merchant|world traveler|memoirist,None
Christopher Columbus's,3,PragerU,None,None,None
Zoom,1,PragerU,male,record producer|composer|musician,None
Franklin Delano Roosevelt,11,PragerU,male,statesperson,None
Otto!,7,PragerU,None,None,None
Yay,20,PragerU,male,professional gamer,None
Arlen,15,PragerU,None,None,None
Daniel,26,PragerU,male,composer,None
King Darius,15,PragerU,None,None,None
Betsy Ross,19,PragerU,female,designer|upholsterer,None
Abigail Adams,26,PragerU,female,politician|writer,None
Madison,17,PragerU,male,radio personality,None
Harriet Tubman,5,PragerU,female,nurse|writer|suffragist|human rights activist|feminist|spy|political activist|abolitionist,African Americans
Harriet,13,PragerU,female,singer|songwriter,None
Woodman,5,PragerU,male,basketball official|basketball player,None
Craig,6,PragerU,male,screenwriter|animator|television producer|cartoonist|television director,None
Sarah,8,PragerU,female,pornographic actor,None
Lieber,12,PragerU,None,None,None
Uncle Sam,224,PragerU,male,singer,None
Betsy,21,PragerU,female,writer|poet,None
John Ross,13,PragerU,male,musician|conductor|organist|music director,None
George Washington's,11,PragerU,None,None,None
wolf,28,PragerU,None,None,None
Otto the Dog,6,PragerU,None,None,None
Abby,13,PragerU,female,association football player|podcaster,None
Otto the Bulldog,15,PragerU,None,None,None
Jesus,2,PragerU,male,teacher|preacher|thaumaturge|healer|prophet|tektōn|Messiah|religious leader|father of faith|rabbi|carpenter|pastor,Jewish people
John F. John F. Kennedy,6,PragerU,None,None,None
Jackie,25,PragerU,male,manager|racing automobile driver|entrepreneur|Formula One driver|sport shooter,None
Medina,20,PragerU,female,voice actor|composer|recording artist|pop singer,None
Alfred the Great,6,PragerU,male,monarch|writer|politician,None
Greeks,3,PragerU,None,None,None
King Midas,12,PragerU,None,None,None
Midas,8,PragerU,male,None,None
Francis Scott Key,9,PragerU,male,writer|lawyer|poet|lyricist|poet lawyer,None
God,12,PragerU,male,musician|disc jockey|DJ producer,None
Rabbit,19,PragerU,male,actor|basketball coach|basketball player,None
Billy Chipmunk,5,PragerU,None,None,None
John Marshall,19,PragerU,male,jazz musician|percussionist,None
Thurgood Marshall,2,PragerU,male,lawyer|judge|politician|jurist,African Americans
Otto the Bulldog and Smidge,22,PragerU,None,None,None
John Muir,12,PragerU,male,naturalist|writer|inventor|geologist|botanist|philosopher|mountaineer|essayist|preservationist|glaciologist|conservationist|ecologist|autobiographer|explorer,None
Martha Washington,1,PragerU,female,politician,None
John Adams',4,PragerU,None,None,None
John,15,PragerU,male,Catholic priest|Catholic bishop,None
Ellis,7,PragerU,male,cricketer,None
Abigail,49,PragerU,female,None,None
Millard Fillmore,28,PragerU,male,lawyer|politician|statesperson,None
Mary,14,PragerU,female,None,None
Woodrow Wilson,2,PragerU,male,writer|teacher|lawyer|university teacher|politician|academic|jurist|statesperson|political scientist,None
Eleanor Roosevelt,1,PragerU,female,writer|politician|diplomat|columnist|human rights activist|journalist|peace activist|autobiographer|women's rights activist,None
Ronald Reagan,35,PragerU,male,screenwriter|actor|politician|military officer|statesperson|lifeguard|character actor|announcer|voice actor|art collector|television actor|film actor|trade unionist|autobiographer|game show host|diarist|anti-communist,None
Laura,21,PragerU,None,researcher,None
John Adams,109,PragerU,male,politician,None
David,22,PragerU,male,drawer|architect,None
Saul,6,PragerU,male,writer|rabbi|missionary|theologian|artisan|religious figure|traveler,None
Goliath,12,PragerU,male,professional wrestler|association football player,None
Manana Paloma,27,PragerU,None,None,None
Isabella,3,PragerU,female,None,None
Manana Paloma's,9,PragerU,None,None,None
Douglas,7,PragerU,male,None,None
Thomas Edison,17,PragerU,male,businessperson|screenwriter|inventor|film director|engineer|entrepreneur|physicist|mathematician,Americans
Terry Stahl,5,PragerU,None,None,None
George W. George W. Bush,17,PragerU,None,None,None
George W. Bush,1,PragerU,male,businessperson|politician|military officer|statesperson|painter|financier|rugby union player|motivational speaker|autobiographer,None
Antiochus,11,PragerU,male,sculptor,None
William Tell,29,PragerU,male,guitarist|musician|singer-songwriter,None
Gessler,24,PragerU,None,None,None
George George Washington,7,PragerU,None,None,None
King George,7,PragerU,male,actor|influencer,None
George,37,PragerU,male,thaumaturge|dragonslayer|soldier,None
colonists,2,PragerU,None,None,None
Anna Lee Fisher,5,PragerU,female,physician|astronaut|chemist,None
Look Dennis,18,PragerU,None,None,None
Noah,79,PragerU,male,tribal chief,None
Teddy,9,PragerU,male,naturalist|writer|politician|historian|statesperson|ornithologist|rancher|essayist|explorer|conservationist|autobiographer|diarist,None
John Hancock,28,PragerU,male,merchant|politician|entrepreneur|statesperson,None
Ben Franklin,2,PragerU,male,writer|politician|diplomat,None
John Jay,4,PragerU,male,judge|lawyer|politician|diplomat,None
Benjamin Franklin,30,PragerU,male,politician,None
Pearl Harbour,7,PragerU,female,singer|musician|actor,None
Kenneth,18,PragerU,male,hairdresser,None
Kenny,8,PragerU,male,swimmer,None
Nene,5,PragerU,male,association football player,None
Peter,45,PragerU,male,hermit|monk,None
FDR,2,PragerU,male,statesperson,None
Finna,8,PragerU,female,rapper,None
Henry Acres,20,PragerU,male,ice hockey coach|ice hockey player,None
Thomas Jefferson,148,PragerU,male,writer|teacher|lawyer|architect|politician|farmer|jurist|diplomat|inventor|statesperson|paleontologist|archaeologist|philosopher|cryptographer,None
Hytale,8,PragerU,None,None,None
John Henry,35,PragerU,male,politician,None
Alice Barker,22,PragerU,female,None,None
Ducky Lucky,10,PragerU,None,None,None
Goosey Lucy,9,PragerU,None,None,None
Turkey Lurky,12,PragerU,None,None,None
Foxy Locksy,6,PragerU,None,None,None
Otto knew Dennis,20,PragerU,None,None,None
Otto reminded,14,PragerU,None,None,None
Otto reminded Smidge,29,PragerU,None,None,None
Otto knew Dennis's,7,PragerU,None,None,None
Ann Willing,8,PragerU,female,socialite,None
Ratten,11,PragerU,None,None,None
Heights,16,PragerU,None,None,None
Snake,7,PragerU,male,basketball player,None
Lewis,6,PragerU,female,writer|screenwriter|journalist|children's writer|novelist|film producer,None
William Clark,5,PragerU,male,naturalist|military personnel|politician|explorer,None
Paul Rosenberg,29,PragerU,male,art collector|art dealer,None
Babe,9,PragerU,female,basketball player|tennis player|javelin thrower|swimmer|baseball player|autobiographer|golfer|high jumper|competitive diver,None
Swindler,13,PragerU,None,None,None
Jane Fennell,12,PragerU,female,television presenter,None
Theodore Roosevelt,68,PragerU,male,naturalist|writer|politician|historian|statesperson|ornithologist|rancher|essayist|explorer|conservationist|autobiographer|diarist,None
Abraham Lincoln's,3,PragerU,None,None,None
Look Otto,7,PragerU,None,None,None
Harry Truman,30,PragerU,male,businessperson|politician|judge|military officer|diarist,None
Neil,7,PragerU,None,researcher,None
Buzz,6,PragerU,male,ice hockey player,None
Herbert,20,PragerU,male,illustrator|comics artist|painter|cartoonist|sculptor,None
Herbert Hoover,8,PragerU,male,writer|engineer|businessperson|politician|statesperson|geologist|mining engineer,None
Prager,7,PragerU,male,teacher|botanical collector|botanist|bryologist|pteridologist,None
Anderson,12,PragerU,male,association football player,None
James Madison,142,PragerU,male,writer|lawyer|diplomat|politician|statesperson|philosopher,None
Fox,6,PragerU,male,lepidopterist|physician|scientific collector,None
Squanto,8,PragerU,male,guide|interpreter,None
Guest,12,PragerU,male,botanist,None
Mess,43,PragerU,None,None,None
Patriot Pop Quiz,56,PragerU,None,None,None
William McKinley,23,PragerU,male,politician|lawyer|statesperson,None
Reagan,12,PragerU,None,None,None
Obama,4,PragerU,male,lawyer|political writer|community organizer|politician|jurist|statesperson|academic|memoirist|podcaster,African Americans
Taylor,31,PragerU,male,zoologist|university teacher|ichthyologist|herpetologist,None
James Buchanan,30,PragerU,male,lawyer|politician|diplomat|statesperson,None
Dred Scott,1,PragerU,male,activist,None
Lorelai,20,PragerU,None,None,None
Andrew Jackson,59,PragerU,male,lawyer|politician|military officer|statesperson|judge,None
Franklin Pierce,1,PragerU,male,lawyer|politician|statesperson,None
Gary,18,PragerU,male,singer|record producer|songwriter|restaurateur|music promoter,None
James Monroe,30,PragerU,male,writer|lawyer|politician|farmer|diplomat|statesperson,None
John Quincy Adams,34,PragerU,male,writer|lawyer|politician|diplomat|statesperson|diarist,None
Martin Van Buren,30,PragerU,male,writer|lawyer|politician|diplomat|statesperson,None
Liam,16,PragerU,male,researcher|Wikimedian in residence,None
Hendrix,7,PragerU,male,guitarist,African Americans
Yummy,8,PragerU,male,None,None
Marco,15,PragerU,male,heretic|theologian|clergyman|religious leader|gnostic,None
Herb Brooks,23,PragerU,male,ice hockey player|ice hockey coach,None
Sauerkraut,6,PragerU,None,None,None
Patriot Pop Quiz Question,6,PragerU,None,None,None
Nah,5,PragerU,None,None,None
Elijah,63,PragerU,male,singer,None
Flag Trophy,6,PragerU,None,None,None
Ethan,79,PragerU,female,ice hockey player,None
Breck,12,PragerU,female,hymnwriter,None
Lou Henry Hoover,24,PragerU,female,president|politician|geologist,None
Warren G. Harding,3,PragerU,male,businessperson|politician|statesperson|newspaper editor,None
Calvin Coolidge,25,PragerU,male,lawyer|politician|statesperson|autobiographer,None
Warren G. Warren G. Harding,2,PragerU,None,None,None
Donald Trump,4,PragerU,male,actor|writer|businessperson|politician|entrepreneur|merchant|chief executive officer|television producer|investor|business magnate|restaurateur|film producer|real estate entrepreneur|conspiracy theorist|game show host,White Americans
Condoleezza Rice,24,PragerU,female,writer|politician|diplomat|pianist|political scientist|pedagogue|university teacher|autobiographer|academic,African Americans
George H. W. George W. Bush,4,PragerU,None,None,None
Amelie,5,PragerU,None,None,None
B. Thomas Jefferson,5,PragerU,None,None,None
Eww,7,PragerU,None,None,None
James James,13,PragerU,male,poet|composer|Christian minister,None
Jaylin,5,PragerU,None,None,None
Anna,16,PragerU,female,None,None
Angela,14,PragerU,female,actor|singer,None
Sandra Day O'Connor,21,PragerU,female,lawyer|judge|politician|jurist,None
George Bush,15,PragerU,male,businessperson|politician|military officer|statesperson|painter|financier|rugby union player|motivational speaker|autobiographer,None
Bill Clinton,3,PragerU,male,teacher|lawyer|diplomat|saxophonist|autobiographer|writer|politician|statesperson|governor|jurist,None
Barack Obama,1,PragerU,male,lawyer|political writer|community organizer|politician|jurist|statesperson|academic|memoirist|podcaster,African Americans
Alex,13,PragerU,None,None,None
Silas,8,PragerU,male,comics artist|animator|drawer|screenwriter|science fiction writer|animation director|producer|cartoonist|film director|film producer|director,None
Alexander Hamilton,106,PragerU,male,Christian minister,None
Dwight D. Dwight D. Eisenhower,9,PragerU,None,None,None
C. Ronald Reagan,10,PragerU,None,None,None
Lucy,21,PragerU,female,None,None
Amy Coney Barrett,26,PragerU,female,jurist|university teacher|judge|lawyer,None
Trump,2,PragerU,male,actor|writer|businessperson|politician|entrepreneur|merchant|chief executive officer|television producer|investor|business magnate|restaurateur|film producer|real estate entrepreneur|conspiracy theorist|game show host,White Americans
Ruth Bader Ginsburg,1,PragerU,female,judge|lawyer|jurist,None
strawberry,6,PragerU,None,None,None
Captain Sophia,27,PragerU,None,None,None
Sophia,42,PragerU,female,None,None
Frederick Douglass,6,PragerU,male,film editor|writer|businessperson|autobiographer|politician|orator|suffragist|diplomat|abolitionist|caulker|editor|journalist,African Americans
Jefferson,4,PragerU,male,association football player,None
Hudson,31,PragerU,male,painter|visual artist|art collector|portraitist,None
Antonio,19,PragerU,male,Catholic bishop|Catholic priest,None
Thomas Jefferson's,6,PragerU,None,None,None
Monticello,4,PragerU,None,None,None
George III,26,PragerU,male,politician|ruler|monarch|aristocrat|art collector|patron of the arts,None
Charlie,29,PragerU,female,researcher,None
Margaret Thatcher,12,PragerU,female,politician|statesperson|chemist|barrister|autobiographer,White British
Claire,83,PragerU,female,author|nun|founder of Catholic religious community|mystic|philosopher|religious writer|Poor Clare nun,None
James Madison's,9,PragerU,None,None,None
Megan,28,PragerU,female,screenwriter|television producer|lyricist|storyteller|film producer,None
James,25,PragerU,male,Catholic priest|Catholic bishop,None
Noa,10,PragerU,female,composer|singer|jazz musician,None
Golda Meir,22,PragerU,female,teacher|politician,None
Ewww,22,PragerU,None,None,None
Aiden,21,PragerU,None,None,None
Oliver,19,PragerU,male,singer,None
Andrew Mellon,30,PragerU,male,politician|diplomat|banker|art collector,None
Warren Harding,5,PragerU,male,businessperson|politician|statesperson|newspaper editor,None
Ava,6,PragerU,female,immured|poet|writer,None
Simon,7,PragerU,male,Catholic priest|Catholic bishop,None
Eva,10,PragerU,female,politician|stage actor|film actor|trade unionist|suffragist|women's rights activist,None
James Monroe Doctrine,5,PragerU,None,None,None
Job Samuel,16,PragerU,None,None,None
James Polk,17,PragerU,male,lawyer|politician|farmer|statesperson,None
James K. James K. Polk,6,PragerU,None,None,None
Paul Revere,27,PragerU,male,silversmith|entrepreneur|military personnel|Minutemen,None
Jimmy,2,PragerU,male,None,None
John Tyler,41,PragerU,male,lawyer|politician|statesperson,None
Hillary Clinton,1,PragerU,female,lawyer|politician|jurist|diplomat|university teacher|film producer|podcaster|autobiographer,None
Lenoy Ashram,21,PragerU,None,None,None
Lenoy Ashram's,5,PragerU,None,None,None
Grover Cleveland,23,PragerU,male,writer|politician|statesperson|lawyer|executioner,Scotch-Irish Americans
Gerald Ford,41,PragerU,male,lawyer|politician|military officer|statesperson|gridiron football player|autobiographer|American football player,None
Richard Nixon,20,PragerU,male,politician|lawyer|military officer|statesperson|autobiographer,None
Eisenhower,1,PragerU,male,politician|writer|military personnel|military officer|statesperson|army officer,None
Kennedy,1,PragerU,male,politician|writer|statesperson|journalist|naval officer|anti-communist,Irish Americans
Give Josiah,26,PragerU,None,None,None
Andrew Jackson's,3,PragerU,None,None,None
Josiah,23,PragerU,male,musician,None
Give Josiah's,8,PragerU,None,None,None
Theodore Roosevelt's,1,PragerU,None,None,None
Melody,13,PragerU,female,television presenter|singer,None
Ariel,9,PragerU,female,singer,None
Ulysses S. Ulysses S. Grant,9,PragerU,None,None,None
Ulysses S. Grant,23,PragerU,male,statesperson|writer|explorer|army officer,None
Ulysses S. Grant's,4,PragerU,None,None,None
Robert E. Robert E. Lee,3,PragerU,None,None,None
Robert E. Lee,3,PragerU,male,military personnel|military officer|army officer,None
Mark Twain,18,PragerU,male,teacher|journalist|writer|autobiographer|humorist|novelist|travel writer|science fiction writer|prose writer|aphorist|children's writer|opinion journalist,None
Kira,10,PragerU,female,singer,None
Carrie Strug,9,PragerU,None,None,None
Shelby,9,PragerU,female,model,None
Silly String,5,PragerU,None,None,None
Remind Samantha,14,PragerU,None,None,None
Ayn Rand,16,PragerU,female,screenwriter|writer|playwright|science fiction writer|journalist|literary critic|philosopher|novelist|essayist,Jewish people
John Kennedy,1,PragerU,male,researcher,None
James A. James A. Garfield,28,PragerU,None,None,None
Lyric,10,PragerU,female,actor,None
Jeb Bush,1,PragerU,male,businessperson|writer|real estate developer|politician|governor|banker|bookbinder,None
Wilbur,5,PragerU,female,comics writer,None
Stalwarts,8,PragerU,None,None,None
Andrew Johnson,33,PragerU,male,tailor|politician|military officer|statesperson,None
Kinda,4,PragerU,None,None,None
Liel and Saul,5,PragerU,None,None,None
Jason Phipps Morgan,5,PragerU,None,researcher,None
J. P. Morgan,18,PragerU,male,entrepreneur|banker|art collector|financier,None
J. P. J. P. Morgan,2,PragerU,None,None,None
Yuen,12,PragerU,male,politician,None
William Henry Harrison,49,PragerU,male,politician|military officer|diplomat|statesperson,None
May Johnny,31,PragerU,None,None,None
Benjamin Harrison,16,PragerU,male,lawyer|politician|writer|military officer|statesperson,None
William Tecumseh Sherman,2,PragerU,male,lawyer|writer|banker|military officer,None
Johnny,5,PragerU,male,baseball manager|basketball coach,None
Elizabeth,3,PragerU,female,None,None
Albert,12,PragerU,male,None,None
Henry,21,PragerU,male,film producer,None
Solomon,5,PragerU,male,Catholic bishop|priest,None
Harry,1,PragerU,male,visual artist|rugby league player,None
Andrew,6,PragerU,male,politician,None
Winston Churchill,7,PragerU,male,politician|historian,None
Chester Lauren A. Lauren A. Arthur,6,PragerU,None,None,None
Lauren A. Arthur,16,PragerU,None,None,None
Lauren A. Arthur's,5,PragerU,None,None,None
Lauren B. Ew,15,PragerU,None,None,None
James Garfield,2,PragerU,male,writer|lawyer|military personnel|politician|statesperson,None
Sam,45,PragerU,male,boxer|baseball player|boxing trainer,None
Andrew Carnegie,41,PragerU,male,economist|entrepreneur|writer|merchant|business magnate|industrialist|philanthropist|fabricator,None
Lincoln,1,PragerU,female,badminton player,None
Jace,22,PragerU,male,visual artist|graffiti artist,None
Levi,38,PragerU,male,zoologist|university teacher|entomologist|arachnologist,None
Cornelius Vanderbilt,20,PragerU,male,railway executive|entrepreneur,None
Joe,2,PragerU,male,politician|lawyer|diplomat|journalist,None
Benjamin,2,PragerU,male,comics artist|writer,None
George H. W. George H. W. Bush,4,PragerU,None,None,None
Jimmy Carter,1,PragerU,male,businessperson|writer|engineer|novelist|peace activist|naval officer|submariner|politician|environmentalist|autobiographer|farmer|humanitarian|diplomat|statesperson|human rights activist,None
Saddam Hussein,2,PragerU,male,writer|military personnel|politician|revolutionary|novelist,None
Rutherford B. Rutherford B. Hayes,16,PragerU,None,None,None
Quartz,7,PragerU,male,None,None
Rutherford B. Hayes,7,PragerU,male,lawyer|military officer|statesperson,None
Samuel J. Samuel J. Tilden,1,PragerU,None,None,None
Huckleberry Finn,5,PragerU,None,None,None
Porter,16,PragerU,male,botanist,None
Charles M. Charles M. Schwab,5,PragerU,None,None,None
Charles M. Schwab,29,PragerU,male,businessperson|engineer,None
Crockett,11,PragerU,male,botanist,None
Joshua,14,PragerU,male,teacher|preacher|thaumaturge|healer|prophet|tektōn|Messiah|religious leader|father of faith|rabbi|carpenter|pastor,Jewish people
Ali,9,PragerU,female,personal assistant|reality television participant,None
George P. George P. Mitchell,26,PragerU,None,None,None
John D. John D. Rockefeller,22,PragerU,None,None,None
William,16,PragerU,male,artist,None
B.,4,PragerU,male,jazz musician|saxophonist,None
John Wilkes Booth,1,PragerU,male,actor|writer|stage actor,None
William Seward,1,PragerU,male,writer|lawyer|politician|diplomat,None
Scarlett,10,PragerU,female,singer,None
Aria,5,PragerU,female,pornographic actor,None
Thomas Paine,2,PragerU,male,writer|politician|entrepreneur|philosopher|journalist|opinion journalist|prose writer,None
Zachary Taylor,43,PragerU,male,statesperson,None
Declan,5,PragerU,None,None,None
Northerners,2,PragerU,None,None,None
Katen,10,PragerU,male,painter,None
Winfield Scott,1,PragerU,male,politician|military officer,None
Ta-da,13,PragerU,None,None,None
Charles Lindbergh,2,PragerU,male,engineer|fighter pilot|inventor|aircraft pilot|peace activist|autobiographer|diarist|air force officer|aviation writer,None
Amelia Earhart,4,PragerU,female,travel writer|journalist|aircraft pilot|memoirist|women's rights activist|aviation writer,None
Crafts History,18,PragerU,None,None,None
Lyndon B. Lyndon B. Johnson,2,PragerU,None,None,None
Clark,3,PragerU,female,athletics competitor,None
Fred Harvey,23,PragerU,male,businessperson,None
Push,1,PragerU,male,television presenter|actor|model|radio personality|television actor,None
George Washington Carver,24,PragerU,male,inventor|chemist|biologist|university teacher|botanist|mycologist,African Americans
Street Smarts,48,PragerU,None,None,None
Maya,6,PragerU,male,None,None
Abe Lincoln,2,PragerU,male,politician|writer|lawyer|farmer|military officer|statesperson|postmaster,None
Diego,6,PragerU,male,association football player,None
Bennett,4,PragerU,male,physician|ichthyologist|zoologist,None
Street Smart,34,PragerU,None,None,None
Selena,12,PragerU,female,spokesperson|actor|singer|fashion designer|television actor|film actor,None
Selena Lewis,11,PragerU,None,None,None
Mateo,5,PragerU,male,sculptor|architect|epigrapher,None
King George III,5,PragerU,male,politician|ruler|monarch|aristocrat|art collector|patron of the arts,None
Dan,2,PragerU,None,None,None
Richard,5,PragerU,male,Catholic priest|Catholic bishop,None
Amelia,4,PragerU,female,politician,None
Chex,13,PragerU,None,None,None
Alright Josiah,5,PragerU,None,None,None
Kyla,5,PragerU,female,singer|actor,None
Leo,252,PragerU,male,politician,White Brazilians
Jackson,14,PragerU,male,pornographic actor,None
Luke,3,PragerU,male,physician|writer|Four Evangelists|painter|evangelist|iconographer,None
Street Smart's,18,PragerU,None,None,None
Sam Day,13,PragerU,male,Australian rules football player,None
Give Eli,5,PragerU,None,None,None
Veterans Sam Day,8,PragerU,None,None,None
Royal King,7,PragerU,None,None,None
Will Levi,23,PragerU,None,None,None
Senna,5,PragerU,male,businessperson|racing automobile driver|Formula One driver|philanthropist,None
Clinton,9,PragerU,male,teacher|lawyer|diplomat|saxophonist|autobiographer|writer|politician|statesperson|governor|jurist,None
Chris,19,PragerU,male,actor|voice actor,None
Favorite Uncle,5,PragerU,None,None,None
Michael,6,PragerU,male,actor|television actor,None
Christina,17,PragerU,female,writer|monarch|painter|philosopher|art collector,None
Hamilton,2,PragerU,male,racing automobile driver|Formula One driver,None
Timothy,14,PragerU,male,priest,None
L. L. Rocco,5,PragerU,None,None,None
Jason,5,PragerU,male,kohen|priest,None
Jacob,7,PragerU,male,priest,None
Sebastian,5,PragerU,male,actor|singer|record producer|comedian|pornographic actor|musician|rapper|model|video jockey|television actor|film actor|nightclub owner,None
Phil,1,PragerU,male,botanical collector|botanist,None
Bill,5,PragerU,male,politician|ambassador|diplomat,None
Kate,5,PragerU,female,None,None
Selena Lois,7,PragerU,None,None,None
Gianna,5,PragerU,None,None,None
Jordan,4,PragerU,male,pornographic actor,None
C. C. Country,5,PragerU,None,None,None
William Howard Taft,1,PragerU,male,judge|writer|university teacher|lawyer|politician|statesperson|prosecutor|pedagogue,None
Brian,8,PragerU,male,art dealer|art historian|art collector,None
B. B. Congress,5,PragerU,None,None,None
B. Congress,12,PragerU,None,None,None
Contestant,6,PragerU,None,None,None
Help Reagan,12,PragerU,None,None,None
Maddie,12,PragerU,female,artistic gymnast,None
Martin Luther King Jr. Memorial,7,PragerU,None,None,None
George Washington DC,5,PragerU,None,None,None
Amy,10,PragerU,female,pornographic actor,None
Nice Melanie,5,PragerU,None,None,None
Max,5,PragerU,male,singer-songwriter,None
max,4,PragerU,None,None,None
McKenna,6,PragerU,None,None,None
B. Go Riley,5,PragerU,None,None,None
B. B. Coining,6,PragerU,None,None,None
C. Common,6,PragerU,None,None,None
Patrick Henry,2,PragerU,male,writer|lawyer|politician,None
Hand Marlena,19,PragerU,None,None,None
King Manuel,29,PragerU,None,None,None
Leila,34,PragerU,female,disc jockey,None
Amerigo Vespucci,6,PragerU,male,writer|merchant|cartographer|explorer,None
Signor Vespucci,8,PragerU,None,None,None
Molly Pitcher,6,PragerU,female,military personnel,None
Mary Ludwig Hayes,13,PragerU,None,None,None
Molly,1,PragerU,female,journalist|writer,None
John F. Kennedy,1,PragerU,male,politician|writer|statesperson|journalist|naval officer|anti-communist,Irish Americans
Jesus Christ,1,PragerU,male,teacher|preacher|thaumaturge|healer|prophet|tektōn|Messiah|religious leader|father of faith|rabbi|carpenter|pastor,Jewish people
Hitler,3,PragerU,male,politician,None
Layla,11,PragerU,female,singer,None
Robert E. Robert E. Wright,5,PragerU,None,None,None
Robert,12,PragerU,male,Catholic bishop|Catholic priest,None
Kenneth J. Moore,7,PragerU,male,social worker,None
Robert E. Wright,6,PragerU,male,historian,None
Sadau Munamori,10,PragerU,None,None,None
Can Leo,42,PragerU,None,None,None
Hailey Johnson,10,PragerU,female,actor,None
Martin Luther King Jr.'s,12,PragerU,None,None,None
Booker T. Booker T. Washington,1,PragerU,None,None,None
Booker T. Washington,4,PragerU,male,writer|teacher|human rights activist|autobiographer|businessperson|politician|educator|pedagogue,African Americans
George Marshall,11,PragerU,male,politician|diplomat|American football player|army officer,None
Geez Leo,24,PragerU,None,None,None
Elizabeth Blackwell,37,PragerU,female,human rights activist|physician|writer|essayist|medical writer|women's rights activist,None
Susan B. Susan B. Anthony,10,PragerU,None,None,None
Montesquieu Madison,6,PragerU,None,None,None
Montesquieu,9,PragerU,male,judge|jurist|writer|lawyer|historian|politician|novelist|encyclopédistes|sociologist|philosopher,None
Desi,5,PragerU,female,cross-country skier|biathlete,None
Maryweather Lewis,32,PragerU,None,None,None
Captain Clark,7,PragerU,None,None,None
Maria,8,PragerU,female,politician,None
Marbury,1,PragerU,None,None,None
John Marshall's,2,PragerU,None,None,None
Robert E. Lee's,1,PragerU,None,None,None
Ida B. Ida B. Wells,21,PragerU,None,None,None
Ida B. Wells,6,PragerU,female,writer|human rights activist|journalist|sociologist|suffragist,African Americans
Levi Strauss,6,PragerU,male,entrepreneur|inventor|designer,None
Sarah Miller,6,PragerU,female,artistic gymnast,None
Clara Barton,5,PragerU,female,nurse|teacher|writer|author|philanthropist|diarist|humanitarian,None
Bob,1,PragerU,male,basketball player,None
William Lloyd Garrison,3,PragerU,male,writer|editor|journalist|social reformer|abolitionist,None
Zaheer,12,PragerU,None,None,None
Bannaker,9,PragerU,None,None,None
Becky Tom,27,PragerU,None,None,None
Tom,38,PragerU,male,actor|poet|singer|singer-songwriter|street artist|television actor|teacher|songwriter,Jewish people|Romanian Americans
Huck,37,PragerU,male,Canadian football player,None
Laura Ingalls Wilder,5,PragerU,female,writer|teacher|autobiographer|reporter|journalist|children's writer|novelist,None
Hooray,1,PragerU,female,snooker player,None
John Smith,1,PragerU,male,politician,None
Jamestown,1,PragerU,None,None,None
